imu_time,imu_a_x,imu_a_y,imu_a_z,imu_g_x,imu_g_y,imu_g_z
0.0,0.0,0.0,0.0,7.28387351532299e-05,9.999997777912001e-11,3.46814647319685e-06
0.001,0.0,0.0,0.0,7.28387351532299e-05,1.00251966193765e-10,3.46814647318958e-06
0.002,0.0,0.0,0.0,7.28387351532299e-05,1.0050395460841001e-10,3.46814647318228e-06
0.003,0.0,0.0,0.0,7.28387351532299e-05,1.00755943023054e-10,3.46814647317497e-06
0.004,0.0,0.0,0.0,7.28387351532299e-05,1.01007931437698e-10,3.46814647316764e-06
0.005,0.0,0.0,0.0,7.28387351532299e-05,1.01259919852341e-10,3.46814647316029e-06
0.006,0.0,0.0,0.0,7.28387351532299e-05,1.01511908266984e-10,3.46814647315293e-06
0.007,0.0,0.0,0.0,7.28387351532299e-05,1.01763896681626e-10,3.46814647314554e-06
0.008,0.0,0.0,0.0,7.28387351532299e-05,1.02015885096267e-10,3.46814647313814e-06
0.009,0.0,0.0,0.0,7.28387351532299e-05,1.0226787351090801e-10,3.46814647313072e-06
0.01,0.0,0.0,0.0,7.28387351532299e-05,1.02519861925549e-10,3.46814647312328e-06
0.011,0.0,0.0,0.0,7.28387351532299e-05,1.02771850340189e-10,3.46814647311582e-06
0.012,0.0,0.0,0.0,7.28387351532299e-05,1.03023838754828e-10,3.46814647310834e-06
0.013,0.0,0.0,0.0,7.28387351532299e-05,1.03275827169467e-10,3.46814647310085e-06
0.014,0.0,0.0,0.0,7.28387351532299e-05,1.03527815584105e-10,3.46814647309333e-06
0.015,0.0,0.0,0.0,7.28387351532299e-05,1.03779803998743e-10,3.4681464730858e-06
0.016,0.0,0.0,0.0,7.28387351532299e-05,1.0403179241338001e-10,3.46814647307825e-06
0.017,0.0,0.0,0.0,7.28387351532299e-05,1.0428378082801701e-10,3.46814647307069e-06
0.018,0.0,0.0,0.0,7.28387351532299e-05,1.0453576924265301e-10,3.4681464730631e-06
0.019,0.0,0.0,0.0,7.28387351532299e-05,1.04787757657288e-10,3.4681464730555e-06
0.02,0.0,0.0,0.0,7.28387351532299e-05,1.0503974607192301e-10,3.46814647304787e-06
0.021,0.0,0.0,0.0,7.28387351532299e-05,1.05291734486558e-10,3.46814647304023e-06
0.022,0.0,0.0,0.0,7.28387351532299e-05,1.05543722901191e-10,3.46814647303257e-06
0.023,0.0,0.0,0.0,7.28387351532299e-05,1.05795711315825e-10,3.46814647302489e-06
0.024,0.0,0.0,0.0,7.28387351532299e-05,1.06047699730458e-10,3.4681464730172e-06
0.025,0.0,0.0,0.0,7.28387351532299e-05,1.0629968814509001e-10,3.46814647300948e-06
0.026,0.0,0.0,0.0,7.28387351532299e-05,1.06551676559721e-10,3.46814647300175e-06
0.027,0.0,0.0,0.0,7.28387351532299e-05,1.06803664974352e-10,3.468146472994e-06
0.028,0.0,0.0,0.0,7.28387351532299e-05,1.07055653388983e-10,3.46814647298623e-06
0.029,0.0,0.0,0.0,7.28387351532299e-05,1.07307641803613e-10,3.46814647297844e-06
0.03,0.0,0.0,0.0,7.28387351532299e-05,1.07559630218242e-10,3.46814647297064e-06
0.031,0.0,0.0,0.0,7.28387351532299e-05,1.07811618632871e-10,3.46814647296281e-06
0.032,0.0,0.0,0.0,7.28387351532299e-05,1.08063607047499e-10,3.46814647295497e-06
0.033,0.0,0.0,0.0,7.28387351532299e-05,1.0831559546212701e-10,3.46814647294711e-06
0.034,0.0,0.0,0.0,7.28387351532299e-05,1.08567583876754e-10,3.46814647293923e-06
0.035,0.0,0.0,0.0,7.28387351532299e-05,1.08819572291381e-10,3.46814647293133e-06
0.036,0.0,0.0,0.0,7.28387351532299e-05,1.0907156070600601e-10,3.46814647292342e-06
0.037,0.0,0.0,0.0,7.28387351532299e-05,1.09323549120632e-10,3.46814647291548e-06
0.038,0.0,0.0,0.0,7.28387351532299e-05,1.0957553753525701e-10,3.46814647290753e-06
0.039,0.0,0.0,0.0,7.28387351532299e-05,1.09827525949881e-10,3.46814647289956e-06
0.04,0.0,0.0,0.0,7.28387351532299e-05,1.1007951436450501e-10,3.46814647289157e-06
0.041,0.0,0.0,0.0,7.28387351532299e-05,1.1033150277912801e-10,3.46814647288356e-06
0.042,0.0,0.0,0.0,7.28387351532299e-05,1.1058349119375001e-10,3.46814647287554e-06
0.043,0.0,0.0,0.0,7.28387351532299e-05,1.10835479608372e-10,3.46814647286749e-06
0.044,0.0,0.0,0.0,7.28387351532299e-05,1.11087468022993e-10,3.46814647285943e-06
0.045,0.0,0.0,0.0,7.28387351532299e-05,1.11339456437614e-10,3.46814647285135e-06
0.046,0.0,0.0,0.0,7.28387351532299e-05,1.11591444852234e-10,3.46814647284325e-06
0.047,0.0,0.0,0.0,7.28387351532299e-05,1.1184343326685401e-10,3.46814647283514e-06
0.048,0.0,0.0,0.0,7.28387351532299e-05,1.12095421681473e-10,3.468146472827e-06
0.049,0.0,0.0,0.0,7.28387351532299e-05,1.12347410096091e-10,3.46814647281885e-06
0.05,0.0,0.0,0.0,7.28387351532299e-05,1.12599398510709e-10,3.46814647281067e-06
0.051,0.0,0.0,0.0,7.28387351532299e-05,1.1285138692532601e-10,3.46814647280248e-06
0.052,0.0,0.0,0.0,7.28387351532299e-05,1.13103375339942e-10,3.46814647279428e-06
0.053,0.0,0.0,0.0,7.28387351532299e-05,1.1335536375455801e-10,3.46814647278605e-06
0.054,0.0,0.0,0.0,7.28387351532299e-05,1.13607352169174e-10,3.4681464727778e-06
0.055,0.0,0.0,0.0,7.28387351532299e-05,1.13859340583789e-10,3.46814647276954e-06
0.056,0.0,0.0,0.0,7.28387351532299e-05,1.14111328998403e-10,3.46814647276126e-06
0.057,0.0,0.0,0.0,7.28387351532299e-05,1.14363317413016e-10,3.46814647275296e-06
0.058,0.0,0.0,0.0,7.28387351532299e-05,1.1461530582762901e-10,3.46814647274464e-06
0.059,0.0,0.0,0.0,7.28387351532299e-05,1.14867294242242e-10,3.4681464727363e-06
0.06,0.0,0.0,0.0,7.28387351532299e-05,1.1511928265685301e-10,3.46814647272795e-06
0.061,0.0,0.0,0.0,7.28387351532299e-05,1.1537127107146501e-10,3.46814647271957e-06
0.062,0.0,0.0,0.0,7.28387351532299e-05,1.15623259486075e-10,3.46814647271118e-06
0.063,0.0,0.0,0.0,7.28387351532299e-05,1.15875247900685e-10,3.46814647270277e-06
0.064,0.0,0.0,0.0,7.28387351532299e-05,1.16127236315294e-10,3.46814647269434e-06
0.065,0.0,0.0,0.0,7.28387351532299e-05,1.16379224729903e-10,3.4681464726859e-06
0.066,0.0,0.0,0.0,7.28387351532299e-05,1.16631213144511e-10,3.46814647267743e-06
0.067,0.0,0.0,0.0,7.28387351532299e-05,1.16883201559119e-10,3.46814647266895e-06
0.068,0.0,0.0,0.0,7.28387351532299e-05,1.17135189973726e-10,3.46814647266045e-06
0.069,0.0,0.0,0.0,7.28387351532299e-05,1.17387178388332e-10,3.46814647265193e-06
0.07,0.0,0.0,0.0,7.28387351532299e-05,1.17639166802937e-10,3.46814647264339e-06
0.071,0.0,0.0,0.0,7.28387351532299e-05,1.17891155217542e-10,3.46814647263483e-06
0.072,0.0,0.0,0.0,7.28387351532299e-05,1.1814314363214701e-10,3.46814647262626e-06
0.073,0.0,0.0,0.0,7.28387351532299e-05,1.1839513204675101e-10,3.46814647261766e-06
0.074,0.0,0.0,0.0,7.28387351532299e-05,1.18647120461354e-10,3.46814647260905e-06
0.075,0.0,0.0,0.0,7.28387351532299e-05,1.18899108875956e-10,3.46814647260042e-06
0.076,0.0,0.0,0.0,7.28387351532299e-05,1.19151097290558e-10,3.46814647259177e-06
0.077,0.0,0.0,0.0,7.28387351532299e-05,1.19403085705159e-10,3.46814647258311e-06
0.078,0.0,0.0,0.0,7.28387351532299e-05,1.1965507411976e-10,3.46814647257442e-06
0.079,0.0,0.0,0.0,7.28387351532299e-05,1.1990706253436002e-10,3.46814647256572e-06
0.08,0.0,0.0,0.0,7.28387351532299e-05,1.20159050948959e-10,3.468146472557e-06
0.081,0.0,0.0,0.0,7.28387351532299e-05,1.20411039363558e-10,3.46814647254826e-06
0.082,0.0,0.0,0.0,7.28387351532299e-05,1.20663027778156e-10,3.4681464725395e-06
0.083,0.0,0.0,0.0,7.28387351532299e-05,1.20915016192754e-10,3.46814647253072e-06
0.084,0.0,0.0,0.0,7.28387351532299e-05,1.2116700460735e-10,3.46814647252193e-06
0.085,0.0,0.0,0.0,7.28387351532299e-05,1.21418993021946e-10,3.46814647251312e-06
0.086,0.0,0.0,0.0,7.28387351532299e-05,1.21670981436542e-10,3.46814647250429e-06
0.087,0.0,0.0,0.0,7.28387351532299e-05,1.21922969851137e-10,3.46814647249544e-06
0.088,0.0,0.0,0.0,7.28387351532299e-05,1.22174958265731e-10,3.46814647248657e-06
0.089,0.0,0.0,0.0,7.28387351532299e-05,1.22426946680325e-10,3.46814647247768e-06
0.09,0.0,0.0,0.0,7.28387351532299e-05,1.2267893509491801e-10,3.46814647246878e-06
0.091,0.0,0.0,0.0,7.28387351532299e-05,1.2293092350951002e-10,3.46814647245986e-06
0.092,0.0,0.0,0.0,7.28387351532299e-05,1.23182911924102e-10,3.46814647245091e-06
0.093,0.0,0.0,0.0,7.28387351532299e-05,1.23434900338693e-10,3.46814647244196e-06
0.094,0.0,0.0,0.0,7.28387351532299e-05,1.23686888753283e-10,3.46814647243298e-06
0.095,0.0,0.0,0.0,7.28387351532299e-05,1.23938877167873e-10,3.46814647242398e-06
0.096,0.0,0.0,0.0,7.28387351532299e-05,1.24190865582462e-10,3.46814647241497e-06
0.097,0.0,0.0,0.0,7.28387351532299e-05,1.2444285399705e-10,3.46814647240593e-06
0.098,0.0,0.0,0.0,7.28387351532299e-05,1.24694842411638e-10,3.46814647239688e-06
0.099,0.0,0.0,0.0,7.28387351532299e-05,1.24946830826225e-10,3.46814647238781e-06
0.1,0.0,0.0,0.0,7.28387351532299e-05,1.25198819240811e-10,3.46814647237873e-06
0.101,0.0,0.0,0.0,7.28387351532299e-05,1.2545080765539701e-10,3.46814647236962e-06
0.102,0.0,0.0,0.0,7.28387351532299e-05,1.2570279606998201e-10,3.4681464723605e-06
0.103,0.0,0.0,0.0,7.28387351532299e-05,1.2595478448456701e-10,3.46814647235135e-06
0.104,0.0,0.0,0.0,7.28387351532299e-05,1.2620677289915e-10,3.46814647234219e-06
0.105,0.0,0.0,0.0,7.28387351532299e-05,1.26458761313733e-10,3.46814647233301e-06
0.106,0.0,0.0,0.0,7.28387351532299e-05,1.26710749728316e-10,3.46814647232382e-06
0.107,0.0,0.0,0.0,7.28387351532299e-05,1.26962738142898e-10,3.4681464723146e-06
0.108,0.0,0.0,0.0,7.28387351532299e-05,1.2721472655747901e-10,3.46814647230537e-06
0.109,0.0,0.0,0.0,7.28387351532299e-05,1.27466714972059e-10,3.46814647229612e-06
0.11,0.0,0.0,0.0,7.28387351532299e-05,1.27718703386639e-10,3.46814647228684e-06
0.111,0.0,0.0,0.0,7.28387351532299e-05,1.2797069180121801e-10,3.46814647227756e-06
0.112,0.0,0.0,0.0,7.28387351532299e-05,1.28222680215796e-10,3.46814647226825e-06
0.113,0.0,0.0,0.0,7.28387351532299e-05,1.28474668630374e-10,3.46814647225892e-06
0.114,0.0,0.0,0.0,7.28387351532299e-05,1.28726657044951e-10,3.46814647224958e-06
0.115,0.0,0.0,0.0,7.28387351532299e-05,1.28978645459528e-10,3.46814647224022e-06
0.116,0.0,0.0,0.0,7.28387351532299e-05,1.29230633874103e-10,3.46814647223084e-06
0.117,0.0,0.0,0.0,7.28387351532299e-05,1.29482622288678e-10,3.46814647222144e-06
0.118,0.0,0.0,0.0,7.28387351532299e-05,1.29734610703253e-10,3.46814647221202e-06
0.119,0.0,0.0,0.0,7.28387351532299e-05,1.29986599117826e-10,3.46814647220259e-06
0.12,0.0,0.0,0.0,7.28387351532299e-05,1.30238587532399e-10,3.46814647219313e-06
0.121,0.0,0.0,0.0,7.28387351532299e-05,1.30490575946971e-10,3.46814647218366e-06
0.122,0.0,0.0,0.0,7.28387351532299e-05,1.30742564361543e-10,3.46814647217417e-06
0.123,0.0,0.0,0.0,7.28387351532299e-05,1.30994552776114e-10,3.46814647216466e-06
0.124,0.0,0.0,0.0,7.28387351532299e-05,1.31246541190684e-10,3.46814647215513e-06
0.125,0.0,0.0,0.0,7.28387351532299e-05,1.31498529605254e-10,3.46814647214559e-06
0.126,0.0,0.0,0.0,7.28387351532299e-05,1.31750518019822e-10,3.46814647213602e-06
0.127,0.0,0.0,0.0,7.28387351532299e-05,1.3200250643439002e-10,3.46814647212644e-06
0.128,0.0,0.0,0.0,7.28387351532299e-05,1.32254494848958e-10,3.46814647211684e-06
0.129,0.0,0.0,0.0,7.28387351532299e-05,1.32506483263525e-10,3.46814647210722e-06
0.13,0.0,0.0,0.0,7.28387351532299e-05,1.32758471678091e-10,3.46814647209759e-06
0.131,0.0,0.0,0.0,7.28387351532299e-05,1.33010460092656e-10,3.46814647208793e-06
0.132,0.0,0.0,0.0,7.28387351532299e-05,1.3326244850722002e-10,3.46814647207826e-06
0.133,0.0,0.0,0.0,7.28387351532299e-05,1.33514436921784e-10,3.46814647206857e-06
0.134,0.0,0.0,0.0,7.28387351532299e-05,1.33766425336348e-10,3.46814647205886e-06
0.135,0.0,0.0,0.0,7.28387351532299e-05,1.3401841375091e-10,3.46814647204913e-06
0.136,0.0,0.0,0.0,7.28387351532299e-05,1.34270402165472e-10,3.46814647203938e-06
0.137,0.0,0.0,0.0,7.28387351532299e-05,1.34522390580033e-10,3.46814647202962e-06
0.138,0.0,0.0,0.0,7.28387351532299e-05,1.34774378994593e-10,3.46814647201983e-06
0.139,0.0,0.0,0.0,7.28387351532299e-05,1.35026367409153e-10,3.46814647201003e-06
0.14,0.0,0.0,0.0,7.28387351532299e-05,1.35278355823712e-10,3.46814647200021e-06
0.141,0.0,0.0,0.0,7.28387351532299e-05,1.3553034423827e-10,3.46814647199037e-06
0.142,0.0,0.0,0.0,7.28387351532299e-05,1.35782332652828e-10,3.46814647198052e-06
0.143,0.0,0.0,0.0,7.28387351532299e-05,1.36034321067384e-10,3.46814647197064e-06
0.144,0.0,0.0,0.0,7.28387351532299e-05,1.3628630948194002e-10,3.46814647196075e-06
0.145,0.0,0.0,0.0,7.28387351532299e-05,1.3653829789649602e-10,3.46814647195084e-06
0.146,0.0,0.0,0.0,7.28387351532299e-05,1.3679028631105002e-10,3.46814647194091e-06
0.147,0.0,0.0,0.0,7.28387351532299e-05,1.37042274725604e-10,3.46814647193096e-06
0.148,0.0,0.0,0.0,7.28387351532299e-05,1.37294263140157e-10,3.46814647192099e-06
0.149,0.0,0.0,0.0,7.28387351532299e-05,1.3754625155471e-10,3.46814647191101e-06
0.15,0.0,0.0,0.0,7.28387351532299e-05,1.37798239969262e-10,3.46814647190101e-06
0.151,0.0,0.0,0.0,7.28387351532299e-05,1.38050228383813e-10,3.46814647189099e-06
0.152,0.0,0.0,0.0,7.28387351532299e-05,1.38302216798363e-10,3.46814647188095e-06
0.153,0.0,0.0,0.0,7.28387351532299e-05,1.38554205212912e-10,3.46814647187089e-06
0.154,0.0,0.0,0.0,7.28387351532299e-05,1.38806193627461e-10,3.46814647186081e-06
0.155,0.0,0.0,0.0,7.28387351532299e-05,1.39058182042009e-10,3.46814647185072e-06
0.156,0.0,0.0,0.0,7.28387351532299e-05,1.39310170456557e-10,3.4681464718406e-06
0.157,0.0,0.0,0.0,7.28387351532299e-05,1.39562158871103e-10,3.46814647183047e-06
0.158,0.0,0.0,0.0,7.28387351532299e-05,1.39814147285649e-10,3.46814647182032e-06
0.159,0.0,0.0,0.0,7.28387351532299e-05,1.40066135700194e-10,3.46814647181016e-06
0.16,0.0,0.0,0.0,7.28387351532299e-05,1.4031812411473901e-10,3.46814647179997e-06
0.161,0.0,0.0,0.0,7.28387351532299e-05,1.40570112529282e-10,3.46814647178977e-06
0.162,0.0,0.0,0.0,7.28387351532299e-05,1.40822100943825e-10,3.46814647177954e-06
0.163,0.0,0.0,0.0,7.28387351532299e-05,1.41074089358368e-10,3.4681464717693e-06
0.164,0.0,0.0,0.0,7.28387351532299e-05,1.41326077772909e-10,3.46814647175904e-06
0.165,0.0,0.0,0.0,7.28387351532299e-05,1.4157806618745e-10,3.46814647174877e-06
0.166,0.0,0.0,0.0,7.28387351532299e-05,1.4183005460199e-10,3.46814647173847e-06
0.167,0.0,0.0,0.0,7.28387351532299e-05,1.42082043016529e-10,3.46814647172815e-06
0.168,0.0,0.0,0.0,7.28387351532299e-05,1.42334031431067e-10,3.46814647171782e-06
0.169,0.0,0.0,0.0,7.28387351532299e-05,1.42586019845605e-10,3.46814647170747e-06
0.17,0.0,0.0,0.0,7.28387351532299e-05,1.42838008260142e-10,3.4681464716971e-06
0.171,0.0,0.0,0.0,7.28387351532299e-05,1.43089996674678e-10,3.46814647168672e-06
0.172,0.0,0.0,0.0,7.28387351532299e-05,1.43341985089213e-10,3.46814647167631e-06
0.173,0.0,0.0,0.0,7.28387351532299e-05,1.43593973503748e-10,3.46814647166589e-06
0.174,0.0,0.0,0.0,7.28387351532299e-05,1.43845961918282e-10,3.46814647165544e-06
0.175,0.0,0.0,0.0,7.28387351532299e-05,1.44097950332815e-10,3.46814647164498e-06
0.176,0.0,0.0,0.0,7.28387351532299e-05,1.44349938747348e-10,3.4681464716345e-06
0.177,0.0,0.0,0.0,7.28387351532299e-05,1.44601927161879e-10,3.46814647162401e-06
0.178,0.0,0.0,0.0,7.28387351532299e-05,1.4485391557641002e-10,3.46814647161349e-06
0.179,0.0,0.0,0.0,7.28387351532299e-05,1.4510590399094e-10,3.46814647160296e-06
0.18,0.0,0.0,0.0,7.28387351532299e-05,1.4535789240547e-10,3.4681464715924e-06
0.181,0.0,0.0,0.0,7.28387351532299e-05,1.45609880819998e-10,3.46814647158183e-06
0.182,0.0,0.0,0.0,7.28387351532299e-05,1.45861869234526e-10,3.46814647157124e-06
0.183,0.0,0.0,0.0,7.28387351532299e-05,1.46113857649053e-10,3.46814647156064e-06
0.184,0.0,0.0,0.0,7.28387351532299e-05,1.4636584606357902e-10,3.46814647155001e-06
0.185,0.0,0.0,0.0,7.28387351532299e-05,1.46617834478105e-10,3.46814647153937e-06
0.186,0.0,0.0,0.0,7.28387351532299e-05,1.46869822892629e-10,3.46814647152871e-06
0.187,0.0,0.0,0.0,7.28387351532299e-05,1.47121811307153e-10,3.46814647151803e-06
0.188,0.0,0.0,0.0,7.28387351532299e-05,1.4737379972167701e-10,3.46814647150733e-06
0.189,0.0,0.0,0.0,7.28387351532299e-05,1.47625788136199e-10,3.46814647149661e-06
0.19,0.0,0.0,0.0,7.28387351532299e-05,1.47877776550721e-10,3.46814647148587e-06
0.191,0.0,0.0,0.0,7.28387351532299e-05,1.4812976496524101e-10,3.46814647147512e-06
0.192,0.0,0.0,0.0,7.28387351532299e-05,1.48381753379761e-10,3.46814647146435e-06
0.193,0.0,0.0,0.0,7.28387351532299e-05,1.48633741794281e-10,3.46814647145356e-06
0.194,0.0,0.0,0.0,7.28387351532299e-05,1.48885730208799e-10,3.46814647144275e-06
0.195,0.0,0.0,0.0,7.28387351532299e-05,1.49137718623317e-10,3.46814647143192e-06
0.196,0.0,0.0,0.0,7.28387351532299e-05,1.49389707037834e-10,3.46814647142108e-06
0.197,0.0,0.0,0.0,7.28387351532299e-05,1.4964169545235001e-10,3.46814647141021e-06
0.198,0.0,0.0,0.0,7.28387351532299e-05,1.4989368386686501e-10,3.46814647139933e-06
0.199,0.0,0.0,0.0,7.28387351532299e-05,1.5014567228138002e-10,3.46814647138843e-06
0.2,0.0,0.0,0.0,7.28387351532299e-05,1.50397660695893e-10,3.46814647137751e-06
0.201,0.0,0.0,0.0,7.28387351532299e-05,1.50649649110406e-10,3.46814647136658e-06
0.202,0.0,0.0,0.0,7.28387351532299e-05,1.50901637524918e-10,3.46814647135562e-06
0.203,0.0,0.0,0.0,7.28387351532299e-05,1.5115362593943e-10,3.46814647134465e-06
0.204,0.0,0.0,0.0,7.28387351532299e-05,1.5140561435394002e-10,3.46814647133366e-06
0.205,0.0,0.0,0.0,7.28387351532299e-05,1.5165760276845e-10,3.46814647132265e-06
0.206,0.0,0.0,0.0,7.28387351532299e-05,1.51909591182959e-10,3.46814647131162e-06
0.207,0.0,0.0,0.0,7.28387351532299e-05,1.52161579597467e-10,3.46814647130057e-06
0.208,0.0,0.0,0.0,7.28387351532299e-05,1.52413568011975e-10,3.46814647128951e-06
0.209,0.0,0.0,0.0,7.28387351532299e-05,1.52665556426481e-10,3.46814647127842e-06
0.21,0.0,0.0,0.0,7.28387351532299e-05,1.52917544840987e-10,3.46814647126732e-06
0.211,0.0,0.0,0.0,7.28387351532299e-05,1.53169533255492e-10,3.4681464712562e-06
0.212,0.0,0.0,0.0,7.28387351532299e-05,1.53421521669996e-10,3.46814647124507e-06
0.213,0.0,0.0,0.0,7.28387351532299e-05,1.53673510084499e-10,3.46814647123391e-06
0.214,0.0,0.0,0.0,7.28387351532299e-05,1.53925498499002e-10,3.46814647122273e-06
0.215,0.0,0.0,0.0,7.28387351532299e-05,1.54177486913503e-10,3.46814647121154e-06
0.216,0.0,0.0,0.0,7.28387351532299e-05,1.5442947532800401e-10,3.46814647120033e-06
0.217,0.0,0.0,0.0,7.28387351532299e-05,1.54681463742504e-10,3.4681464711891e-06
0.218,0.0,0.0,0.0,7.28387351532299e-05,1.54933452157004e-10,3.46814647117785e-06
0.219,0.0,0.0,0.0,7.28387351532299e-05,1.55185440571502e-10,3.46814647116659e-06
0.22,0.0,0.0,0.0,7.28387351532299e-05,1.55437428986e-10,3.4681464711553e-06
0.221,0.0,0.0,0.0,7.28387351532299e-05,1.55689417400496e-10,3.468146471144e-06
0.222,0.0,0.0,0.0,7.28387351532299e-05,1.55941405814992e-10,3.46814647113268e-06
0.223,0.0,0.0,0.0,7.28387351532299e-05,1.56193394229487e-10,3.46814647112134e-06
0.224,0.0,0.0,0.0,7.28387351532299e-05,1.56445382643982e-10,3.46814647110998e-06
0.225,0.0,0.0,0.0,7.28387351532299e-05,1.56697371058475e-10,3.4681464710986e-06
0.226,0.0,0.0,0.0,7.28387351532299e-05,1.56949359472968e-10,3.46814647108721e-06
0.227,0.0,0.0,0.0,7.28387351532299e-05,1.5720134788746002e-10,3.4681464710758e-06
0.228,0.0,0.0,0.0,7.28387351532299e-05,1.57453336301951e-10,3.46814647106437e-06
0.229,0.0,0.0,0.0,7.28387351532299e-05,1.57705324716441e-10,3.46814647105292e-06
0.23,0.0,0.0,0.0,7.28387351532299e-05,1.5795731313093e-10,3.46814647104145e-06
0.231,0.0,0.0,0.0,7.28387351532299e-05,1.58209301545419e-10,3.46814647102996e-06
0.232,0.0,0.0,0.0,7.28387351532299e-05,1.58461289959906e-10,3.46814647101846e-06
0.233,0.0,0.0,0.0,7.28387351532299e-05,1.5871327837439301e-10,3.46814647100694e-06
0.234,0.0,0.0,0.0,7.28387351532299e-05,1.58965266788879e-10,3.46814647099539e-06
0.235,0.0,0.0,0.0,7.28387351532299e-05,1.59217255203364e-10,3.46814647098384e-06
0.236,0.0,0.0,0.0,7.28387351532299e-05,1.5946924361784902e-10,3.46814647097226e-06
0.237,0.0,0.0,0.0,7.28387351532299e-05,1.5972123203233201e-10,3.46814647096066e-06
0.238,0.0,0.0,0.0,7.28387351532299e-05,1.59973220446815e-10,3.46814647094905e-06
0.239,0.0,0.0,0.0,7.28387351532299e-05,1.60225208861297e-10,3.46814647093742e-06
0.24,0.0,0.0,0.0,7.28387351532299e-05,1.60477197275778e-10,3.46814647092576e-06
0.241,0.0,0.0,0.0,7.28387351532299e-05,1.60729185690258e-10,3.4681464709141e-06
0.242,0.0,0.0,0.0,7.28387351532299e-05,1.60981174104737e-10,3.46814647090241e-06
0.243,0.0,0.0,0.0,7.28387351532299e-05,1.6123316251921501e-10,3.4681464708907e-06
0.244,0.0,0.0,0.0,7.28387351532299e-05,1.61485150933693e-10,3.46814647087898e-06
0.245,0.0,0.0,0.0,7.28387351532299e-05,1.6173713934817002e-10,3.46814647086724e-06
0.246,0.0,0.0,0.0,7.28387351532299e-05,1.61989127762645e-10,3.46814647085548e-06
0.247,0.0,0.0,0.0,7.28387351532299e-05,1.6224111617712002e-10,3.4681464708437e-06
0.248,0.0,0.0,0.0,7.28387351532299e-05,1.62493104591594e-10,3.4681464708319e-06
0.249,0.0,0.0,0.0,7.28387351532299e-05,1.62745093006068e-10,3.46814647082008e-06
0.25,0.0,0.0,0.0,7.28387351532299e-05,1.6299708142054001e-10,3.46814647080825e-06
0.251,0.0,0.0,0.0,7.28387351532299e-05,1.63249069835012e-10,3.4681464707964e-06
0.252,0.0,0.0,0.0,7.28387351532299e-05,1.63501058249482e-10,3.46814647078453e-06
0.253,0.0,0.0,0.0,7.28387351532299e-05,1.63753046663952e-10,3.46814647077264e-06
0.254,0.0,0.0,0.0,7.28387351532299e-05,1.64005035078421e-10,3.46814647076073e-06
0.255,0.0,0.0,0.0,7.28387351532299e-05,1.6425702349288901e-10,3.46814647074881e-06
0.256,0.0,0.0,0.0,7.28387351532299e-05,1.64509011907356e-10,3.46814647073686e-06
0.257,0.0,0.0,0.0,7.28387351532299e-05,1.64761000321823e-10,3.4681464707249e-06
0.258,0.0,0.0,0.0,7.28387351532299e-05,1.65012988736288e-10,3.46814647071292e-06
0.259,0.0,0.0,0.0,7.28387351532299e-05,1.65264977150753e-10,3.46814647070092e-06
0.26,0.0,0.0,0.0,7.28387351532299e-05,1.65516965565217e-10,3.4681464706889e-06
0.261,0.0,0.0,0.0,7.28387351532299e-05,1.6576895397968001e-10,3.46814647067687e-06
0.262,0.0,0.0,0.0,7.28387351532299e-05,1.66020942394142e-10,3.46814647066482e-06
0.263,0.0,0.0,0.0,7.28387351532299e-05,1.66272930808603e-10,3.46814647065274e-06
0.264,0.0,0.0,0.0,7.28387351532299e-05,1.66524919223063e-10,3.46814647064065e-06
0.265,0.0,0.0,0.0,7.28387351532299e-05,1.66776907637522e-10,3.46814647062854e-06
0.266,0.0,0.0,0.0,7.28387351532299e-05,1.67028896051981e-10,3.46814647061642e-06
0.267,0.0,0.0,0.0,7.28387351532299e-05,1.67280884466438e-10,3.46814647060427e-06
0.268,0.0,0.0,0.0,7.28387351532299e-05,1.67532872880895e-10,3.46814647059211e-06
0.269,0.0,0.0,0.0,7.28387351532299e-05,1.67784861295351e-10,3.46814647057993e-06
0.27,0.0,0.0,0.0,7.28387351532299e-05,1.6803684970980602e-10,3.46814647056773e-06
0.271,0.0,0.0,0.0,7.28387351532299e-05,1.6828883812426e-10,3.46814647055551e-06
0.272,0.0,0.0,0.0,7.28387351532299e-05,1.68540826538713e-10,3.46814647054327e-06
0.273,0.0,0.0,0.0,7.28387351532299e-05,1.68792814953165e-10,3.46814647053102e-06
0.274,0.0,0.0,0.0,7.28387351532299e-05,1.69044803367617e-10,3.46814647051874e-06
0.275,0.0,0.0,0.0,7.28387351532299e-05,1.69296791782067e-10,3.46814647050645e-06
0.276,0.0,0.0,0.0,7.28387351532299e-05,1.69548780196517e-10,3.46814647049414e-06
0.277,0.0,0.0,0.0,7.28387351532299e-05,1.69800768610965e-10,3.46814647048181e-06
0.278,0.0,0.0,0.0,7.28387351532299e-05,1.70052757025413e-10,3.46814647046947e-06
0.279,0.0,0.0,0.0,7.28387351532299e-05,1.7030474543986003e-10,3.4681464704571e-06
0.28,0.0,0.0,0.0,7.28387351532299e-05,1.70556733854306e-10,3.46814647044472e-06
0.281,0.0,0.0,0.0,7.28387351532299e-05,1.70808722268751e-10,3.46814647043232e-06
0.282,0.0,0.0,0.0,7.28387351532299e-05,1.71060710683196e-10,3.4681464704199e-06
0.283,0.0,0.0,0.0,7.28387351532299e-05,1.71312699097639e-10,3.46814647040746e-06
0.284,0.0,0.0,0.0,7.28387351532299e-05,1.71564687512081e-10,3.468146470395e-06
0.285,0.0,0.0,0.0,7.28387351532299e-05,1.71816675926523e-10,3.46814647038253e-06
0.286,0.0,0.0,0.0,7.28387351532299e-05,1.72068664340963e-10,3.46814647037004e-06
0.287,0.0,0.0,0.0,7.28387351532299e-05,1.72320652755403e-10,3.46814647035753e-06
0.288,0.0,0.0,0.0,7.28387351532299e-05,1.72572641169842e-10,3.468146470345e-06
0.289,0.0,0.0,0.0,7.28387351532299e-05,1.7282462958428002e-10,3.46814647033245e-06
0.29,0.0,0.0,0.0,7.28387351532299e-05,1.73076617998717e-10,3.46814647031988e-06
0.291,0.0,0.0,0.0,7.28387351532299e-05,1.73328606413153e-10,3.4681464703073e-06
0.292,0.0,0.0,0.0,7.28387351532299e-05,1.73580594827588e-10,3.46814647029469e-06
0.293,0.0,0.0,0.0,7.28387351532299e-05,1.73832583242022e-10,3.46814647028207e-06
0.294,0.0,0.0,0.0,7.28387351532299e-05,1.74084571656455e-10,3.46814647026943e-06
0.295,0.0,0.0,0.0,7.28387351532299e-05,1.74336560070888e-10,3.46814647025678e-06
0.296,0.0,0.0,0.0,7.28387351532299e-05,1.74588548485319e-10,3.4681464702441e-06
0.297,0.0,0.0,0.0,7.28387351532299e-05,1.7484053689975e-10,3.46814647023141e-06
0.298,0.0,0.0,0.0,7.28387351532299e-05,1.75092525314179e-10,3.46814647021869e-06
0.299,0.0,0.0,0.0,7.28387351532299e-05,1.75344513728608e-10,3.46814647020596e-06
0.3,0.0,0.0,0.0,7.28387351532299e-05,1.75596502143036e-10,3.46814647019321e-06
0.301,0.0,0.0,0.0,7.28387351532299e-05,1.75848490557462e-10,3.46814647018044e-06
0.302,0.0,0.0,0.0,7.28387351532299e-05,1.76100478971888e-10,3.46814647016766e-06
0.303,0.0,0.0,0.0,7.28387351532299e-05,1.76352467386313e-10,3.46814647015485e-06
0.304,0.0,0.0,0.0,7.28387351532299e-05,1.76604455800737e-10,3.46814647014203e-06
0.305,0.0,0.0,0.0,7.28387351532299e-05,1.7685644421516e-10,3.46814647012919e-06
0.306,0.0,0.0,0.0,7.28387351532299e-05,1.77108432629583e-10,3.46814647011633e-06
0.307,0.0,0.0,0.0,7.28387351532299e-05,1.77360421044004e-10,3.46814647010345e-06
0.308,0.0,0.0,0.0,7.28387351532299e-05,1.77612409458424e-10,3.46814647009056e-06
0.309,0.0,0.0,0.0,7.28387351532299e-05,1.77864397872844e-10,3.46814647007764e-06
0.31,0.0,0.0,0.0,7.28387351532299e-05,1.78116386287262e-10,3.46814647006471e-06
0.311,0.0,0.0,0.0,7.28387351532299e-05,1.78368374701679e-10,3.46814647005176e-06
0.312,0.0,0.0,0.0,7.28387351532299e-05,1.78620363116096e-10,3.46814647003879e-06
0.313,0.0,0.0,0.0,7.28387351532299e-05,1.78872351530512e-10,3.46814647002581e-06
0.314,0.0,0.0,0.0,7.28387351532299e-05,1.79124339944926e-10,3.4681464700128e-06
0.315,0.0,0.0,0.0,7.28387351532299e-05,1.7937632835934e-10,3.46814646999978e-06
0.316,0.0,0.0,0.0,7.28387351532299e-05,1.79628316773753e-10,3.46814646998673e-06
0.317,0.0,0.0,0.0,7.28387351532299e-05,1.79880305188165e-10,3.46814646997367e-06
0.318,0.0,0.0,0.0,7.28387351532299e-05,1.80132293602575e-10,3.46814646996059e-06
0.319,0.0,0.0,0.0,7.28387351532299e-05,1.80384282016985e-10,3.4681464699475e-06
0.32,0.0,0.0,0.0,7.28387351532299e-05,1.8063627043139401e-10,3.46814646993438e-06
0.321,0.0,0.0,0.0,7.28387351532299e-05,1.80888258845802e-10,3.46814646992125e-06
0.322,0.0,0.0,0.0,7.28387351532299e-05,1.81140247260209e-10,3.4681464699081e-06
0.323,0.0,0.0,0.0,7.28387351532299e-05,1.81392235674615e-10,3.46814646989492e-06
0.324,0.0,0.0,0.0,7.28387351532299e-05,1.81644224089021e-10,3.46814646988174e-06
0.325,0.0,0.0,0.0,7.28387351532299e-05,1.8189621250342501e-10,3.46814646986853e-06
0.326,0.0,0.0,0.0,7.28387351532299e-05,1.82148200917828e-10,3.4681464698553e-06
0.327,0.0,0.0,0.0,7.28387351532299e-05,1.8240018933223002e-10,3.46814646984206e-06
0.328,0.0,0.0,0.0,7.28387351532299e-05,1.82652177746631e-10,3.4681464698288e-06
0.329,0.0,0.0,0.0,7.28387351532299e-05,1.82904166161032e-10,3.46814646981552e-06
0.33,0.0,0.0,0.0,7.28387351532299e-05,1.83156154575431e-10,3.46814646980222e-06
0.331,0.0,0.0,0.0,7.28387351532299e-05,1.8340814298983e-10,3.4681464697889e-06
0.332,0.0,0.0,0.0,7.28387351532299e-05,1.83660131404227e-10,3.46814646977557e-06
0.333,0.0,0.0,0.0,7.28387351532299e-05,1.83912119818623e-10,3.46814646976221e-06
0.334,0.0,0.0,0.0,7.28387351532299e-05,1.84164108233019e-10,3.46814646974884e-06
0.335,0.0,0.0,0.0,7.28387351532299e-05,1.84416096647413e-10,3.46814646973545e-06
0.336,0.0,0.0,0.0,7.28387351532299e-05,1.84668085061807e-10,3.46814646972204e-06
0.337,0.0,0.0,0.0,7.28387351532299e-05,1.849200734762e-10,3.46814646970862e-06
0.338,0.0,0.0,0.0,7.28387351532299e-05,1.85172061890591e-10,3.46814646969517e-06
0.339,0.0,0.0,0.0,7.28387351532299e-05,1.85424050304982e-10,3.46814646968171e-06
0.34,0.0,0.0,0.0,7.28387351532299e-05,1.85676038719371e-10,3.46814646966823e-06
0.341,0.0,0.0,0.0,7.28387351532299e-05,1.8592802713376002e-10,3.46814646965473e-06
0.342,0.0,0.0,0.0,7.28387351532299e-05,1.86180015548148e-10,3.46814646964121e-06
0.343,0.0,0.0,0.0,7.28387351532299e-05,1.86432003962534e-10,3.46814646962767e-06
0.344,0.0,0.0,0.0,7.28387351532299e-05,1.8668399237692002e-10,3.46814646961412e-06
0.345,0.0,0.0,0.0,7.28387351532299e-05,1.86935980791305e-10,3.46814646960054e-06
0.346,0.0,0.0,0.0,7.28387351532299e-05,1.87187969205689e-10,3.46814646958695e-06
0.347,0.0,0.0,0.0,7.28387351532299e-05,1.87439957620071e-10,3.46814646957334e-06
0.348,0.0,0.0,0.0,7.28387351532299e-05,1.87691946034453e-10,3.46814646955971e-06
0.349,0.0,0.0,0.0,7.28387351532299e-05,1.87943934448834e-10,3.46814646954607e-06
0.35,0.0,0.0,0.0,7.28387351532299e-05,1.8819592286321401e-10,3.4681464695324e-06
0.351,0.0,0.0,0.0,7.28387351532299e-05,1.88447911277592e-10,3.46814646951872e-06
0.352,0.0,0.0,0.0,7.28387351532299e-05,1.8869989969197e-10,3.46814646950502e-06
0.353,0.0,0.0,0.0,7.28387351532299e-05,1.88951888106347e-10,3.4681464694913e-06
0.354,0.0,0.0,0.0,7.28387351532299e-05,1.89203876520723e-10,3.46814646947756e-06
0.355,0.0,0.0,0.0,7.28387351532299e-05,1.89455864935098e-10,3.4681464694638e-06
0.356,0.0,0.0,0.0,7.28387351532299e-05,1.89707853349471e-10,3.46814646945003e-06
0.357,0.0,0.0,0.0,7.28387351532299e-05,1.89959841763844e-10,3.46814646943624e-06
0.358,0.0,0.0,0.0,7.28387351532299e-05,1.90211830178216e-10,3.46814646942242e-06
0.359,0.0,0.0,0.0,7.28387351532299e-05,1.90463818592587e-10,3.4681464694086e-06
0.36,0.0,0.0,0.0,7.28387351532299e-05,1.90715807006957e-10,3.46814646939475e-06
0.361,0.0,0.0,0.0,7.28387351532299e-05,1.90967795421325e-10,3.46814646938088e-06
0.362,0.0,0.0,0.0,7.28387351532299e-05,1.91219783835693e-10,3.468146469367e-06
0.363,0.0,0.0,0.0,7.28387351532299e-05,1.9147177225006e-10,3.46814646935309e-06
0.364,0.0,0.0,0.0,7.28387351532299e-05,1.9172376066442601e-10,3.46814646933917e-06
0.365,0.0,0.0,0.0,7.28387351532299e-05,1.9197574907879003e-10,3.46814646932523e-06
0.366,0.0,0.0,0.0,7.28387351532299e-05,1.9222773749315401e-10,3.46814646931128e-06
0.367,0.0,0.0,0.0,7.28387351532299e-05,1.92479725907517e-10,3.4681464692973e-06
0.368,0.0,0.0,0.0,7.28387351532299e-05,1.92731714321878e-10,3.46814646928331e-06
0.369,0.0,0.0,0.0,7.28387351532299e-05,1.92983702736239e-10,3.46814646926929e-06
0.37,0.0,0.0,0.0,7.28387351532299e-05,1.93235691150599e-10,3.46814646925526e-06
0.371,0.0,0.0,0.0,7.28387351532299e-05,1.93487679564957e-10,3.46814646924121e-06
0.372,0.0,0.0,0.0,7.28387351532299e-05,1.9373966797931501e-10,3.46814646922714e-06
0.373,0.0,0.0,0.0,7.28387351532299e-05,1.93991656393672e-10,3.46814646921306e-06
0.374,0.0,0.0,0.0,7.28387351532299e-05,1.9424364480802702e-10,3.46814646919895e-06
0.375,0.0,0.0,0.0,7.28387351532299e-05,1.94495633222382e-10,3.46814646918483e-06
0.376,0.0,0.0,0.0,7.28387351532299e-05,1.94747621636735e-10,3.46814646917069e-06
0.377,0.0,0.0,0.0,7.28387351532299e-05,1.94999610051088e-10,3.46814646915653e-06
0.378,0.0,0.0,0.0,7.28387351532299e-05,1.95251598465439e-10,3.46814646914235e-06
0.379,0.0,0.0,0.0,7.28387351532299e-05,1.9550358687979e-10,3.46814646912816e-06
0.38,0.0,0.0,0.0,7.28387351532299e-05,1.95755575294139e-10,3.46814646911394e-06
0.381,0.0,0.0,0.0,7.28387351532299e-05,1.96007563708487e-10,3.46814646909971e-06
0.382,0.0,0.0,0.0,7.28387351532299e-05,1.96259552122835e-10,3.46814646908546e-06
0.383,0.0,0.0,0.0,7.28387351532299e-05,1.96511540537181e-10,3.46814646907119e-06
0.384,0.0,0.0,0.0,7.28387351532299e-05,1.96763528951526e-10,3.46814646905691e-06
0.385,0.0,0.0,0.0,7.28387351532299e-05,1.9701551736587002e-10,3.4681464690426e-06
0.386,0.0,0.0,0.0,7.28387351532299e-05,1.97267505780213e-10,3.46814646902828e-06
0.387,0.0,0.0,0.0,7.28387351532299e-05,1.97519494194556e-10,3.46814646901393e-06
0.388,0.0,0.0,0.0,7.28387351532299e-05,1.97771482608897e-10,3.46814646899957e-06
0.389,0.0,0.0,0.0,7.28387351532299e-05,1.98023471023237e-10,3.46814646898519e-06
0.39,0.0,0.0,0.0,7.28387351532299e-05,1.98275459437576e-10,3.4681464689708e-06
0.391,0.0,0.0,0.0,7.28387351532299e-05,1.98527447851914e-10,3.46814646895638e-06
0.392,0.0,0.0,0.0,7.28387351532299e-05,1.98779436266251e-10,3.46814646894195e-06
0.393,0.0,0.0,0.0,7.28387351532299e-05,1.9903142468058601e-10,3.4681464689275e-06
0.394,0.0,0.0,0.0,7.28387351532299e-05,1.99283413094921e-10,3.46814646891303e-06
0.395,0.0,0.0,0.0,7.28387351532299e-05,1.99535401509255e-10,3.46814646889854e-06
0.396,0.0,0.0,0.0,7.28387351532299e-05,1.99787389923588e-10,3.46814646888403e-06
0.397,0.0,0.0,0.0,7.28387351532299e-05,2.00039378337919e-10,3.4681464688695e-06
0.398,0.0,0.0,0.0,7.28387351532299e-05,2.0029136675225e-10,3.46814646885496e-06
0.399,0.0,0.0,0.0,7.28387351532299e-05,2.00543355166579e-10,3.4681464688404e-06
0.4,0.0,0.0,0.0,7.28387351532299e-05,2.00795343580908e-10,3.46814646882582e-06
0.401,0.0,0.0,0.0,7.28387351532299e-05,2.01047331995235e-10,3.46814646881122e-06
0.402,0.0,0.0,0.0,7.28387351532299e-05,2.01299320409562e-10,3.4681464687966e-06
0.403,0.0,0.0,0.0,7.28387351532299e-05,2.01551308823887e-10,3.46814646878197e-06
0.404,0.0,0.0,0.0,7.28387351532299e-05,2.01803297238211e-10,3.46814646876731e-06
0.405,0.0,0.0,0.0,7.28387351532299e-05,2.02055285652534e-10,3.46814646875264e-06
0.406,0.0,0.0,0.0,7.28387351532299e-05,2.02307274066856e-10,3.46814646873795e-06
0.407,0.0,0.0,0.0,7.28387351532299e-05,2.02559262481177e-10,3.46814646872324e-06
0.408,0.0,0.0,0.0,7.28387351532299e-05,2.02811250895497e-10,3.46814646870852e-06
0.409,0.0,0.0,0.0,7.28387351532299e-05,2.03063239309816e-10,3.46814646869377e-06
0.41,0.0,0.0,0.0,7.28387351532299e-05,2.03315227724134e-10,3.46814646867901e-06
0.411,0.0,0.0,0.0,7.28387351532299e-05,2.03567216138451e-10,3.46814646866423e-06
0.412,0.0,0.0,0.0,7.28387351532299e-05,2.03819204552766e-10,3.46814646864943e-06
0.413,0.0,0.0,0.0,7.28387351532299e-05,2.04071192967081e-10,3.46814646863461e-06
0.414,0.0,0.0,0.0,7.28387351532299e-05,2.04323181381395e-10,3.46814646861977e-06
0.415,0.0,0.0,0.0,7.28387351532299e-05,2.0457516979570701e-10,3.46814646860492e-06
0.416,0.0,0.0,0.0,7.28387351532299e-05,2.04827158210018e-10,3.46814646859005e-06
0.417,0.0,0.0,0.0,7.28387351532299e-05,2.05079146624329e-10,3.46814646857515e-06
0.418,0.0,0.0,0.0,7.28387351532299e-05,2.0533113503863801e-10,3.46814646856024e-06
0.419,0.0,0.0,0.0,7.28387351532299e-05,2.05583123452946e-10,3.46814646854532e-06
0.42,0.0,0.0,0.0,7.28387351532299e-05,2.05835111867253e-10,3.46814646853037e-06
0.421,0.0,0.0,0.0,7.28387351532299e-05,2.06087100281559e-10,3.4681464685154e-06
0.422,0.0,0.0,0.0,7.28387351532299e-05,2.06339088695864e-10,3.46814646850042e-06
0.423,0.0,0.0,0.0,7.28387351532299e-05,2.06591077110167e-10,3.46814646848542e-06
0.424,0.0,0.0,0.0,7.28387351532299e-05,2.0684306552447003e-10,3.4681464684704e-06
0.425,0.0,0.0,0.0,7.28387351532299e-05,2.07095053938772e-10,3.46814646845536e-06
0.426,0.0,0.0,0.0,7.28387351532299e-05,2.0734704235307201e-10,3.46814646844031e-06
0.427,0.0,0.0,0.0,7.28387351532299e-05,2.0759903076737102e-10,3.46814646842523e-06
0.428,0.0,0.0,0.0,7.28387351532299e-05,2.0785101918167002e-10,3.46814646841014e-06
0.429,0.0,0.0,0.0,7.28387351532299e-05,2.08103007595967e-10,3.46814646839503e-06
0.43,0.0,0.0,0.0,7.28387351532299e-05,2.08354996010263e-10,3.4681464683799e-06
0.431,0.0,0.0,0.0,7.28387351532299e-05,2.08606984424558e-10,3.46814646836475e-06
0.432,0.0,0.0,0.0,7.28387351532299e-05,2.08858972838852e-10,3.46814646834958e-06
0.433,0.0,0.0,0.0,7.28387351532299e-05,2.09110961253145e-10,3.4681464683344e-06
0.434,0.0,0.0,0.0,7.28387351532299e-05,2.0936294966743601e-10,3.4681464683192e-06
0.435,0.0,0.0,0.0,7.28387351532299e-05,2.09614938081727e-10,3.46814646830398e-06
0.436,0.0,0.0,0.0,7.28387351532299e-05,2.09866926496016e-10,3.46814646828874e-06
0.437,0.0,0.0,0.0,7.28387351532299e-05,2.10118914910305e-10,3.46814646827348e-06
0.438,0.0,0.0,0.0,7.28387351532299e-05,2.10370903324592e-10,3.4681464682582e-06
0.439,0.0,0.0,0.0,7.28387351532299e-05,2.10622891738878e-10,3.46814646824291e-06
0.44,0.0,0.0,0.0,7.28387351532299e-05,2.10874880153163e-10,3.4681464682276e-06
0.441,0.0,0.0,0.0,7.28387351532299e-05,2.11126868567447e-10,3.46814646821227e-06
0.442,0.0,0.0,0.0,7.28387351532299e-05,2.1137885698173001e-10,3.46814646819692e-06
0.443,0.0,0.0,0.0,7.28387351532299e-05,2.11630845396012e-10,3.46814646818155e-06
0.444,0.0,0.0,0.0,7.28387351532299e-05,2.11882833810292e-10,3.46814646816616e-06
0.445,0.0,0.0,0.0,7.28387351532299e-05,2.1213482222457201e-10,3.46814646815076e-06
0.446,0.0,0.0,0.0,7.28387351532299e-05,2.1238681063885003e-10,3.46814646813534e-06
0.447,0.0,0.0,0.0,7.28387351532299e-05,2.12638799053127e-10,3.4681464681199e-06
0.448,0.0,0.0,0.0,7.28387351532299e-05,2.12890787467403e-10,3.46814646810444e-06
0.449,0.0,0.0,0.0,7.28387351532299e-05,2.13142775881678e-10,3.46814646808896e-06
0.45,0.0,0.0,0.0,7.28387351532299e-05,2.13394764295952e-10,3.46814646807346e-06
0.451,0.0,0.0,0.0,7.28387351532299e-05,2.13646752710225e-10,3.46814646805795e-06
0.452,0.0,0.0,0.0,7.28387351532299e-05,2.13898741124496e-10,3.46814646804242e-06
0.453,0.0,0.0,0.0,7.28387351532299e-05,2.14150729538767e-10,3.46814646802687e-06
0.454,0.0,0.0,0.0,7.28387351532299e-05,2.14402717953036e-10,3.4681464680113e-06
0.455,0.0,0.0,0.0,7.28387351532299e-05,2.14654706367304e-10,3.46814646799571e-06
0.456,0.0,0.0,0.0,7.28387351532299e-05,2.1490669478157101e-10,3.4681464679801e-06
0.457,0.0,0.0,0.0,7.28387351532299e-05,2.15158683195837e-10,3.46814646796448e-06
0.458,0.0,0.0,0.0,7.28387351532299e-05,2.15410671610102e-10,3.46814646794884e-06
0.459,0.0,0.0,0.0,7.28387351532299e-05,2.15662660024366e-10,3.46814646793318e-06
0.46,0.0,0.0,0.0,7.28387351532299e-05,2.15914648438628e-10,3.4681464679175e-06
0.461,0.0,0.0,0.0,7.28387351532299e-05,2.16166636852889e-10,3.4681464679018e-06
0.462,0.0,0.0,0.0,7.28387351532299e-05,2.1641862526715001e-10,3.46814646788609e-06
0.463,0.0,0.0,0.0,7.28387351532299e-05,2.16670613681409e-10,3.46814646787035e-06
0.464,0.0,0.0,0.0,7.28387351532299e-05,2.16922602095667e-10,3.4681464678546e-06
0.465,0.0,0.0,0.0,7.28387351532299e-05,2.17174590509924e-10,3.46814646783883e-06
0.466,0.0,0.0,0.0,7.28387351532299e-05,2.17426578924179e-10,3.46814646782304e-06
0.467,0.0,0.0,0.0,7.28387351532299e-05,2.17678567338434e-10,3.46814646780724e-06
0.468,0.0,0.0,0.0,7.28387351532299e-05,2.17930555752687e-10,3.46814646779141e-06
0.469,0.0,0.0,0.0,7.28387351532299e-05,2.18182544166939e-10,3.46814646777557e-06
0.47,0.0,0.0,0.0,7.28387351532299e-05,2.1843453258119002e-10,3.4681464677597e-06
0.471,0.0,0.0,0.0,7.28387351532299e-05,2.1868652099544e-10,3.46814646774382e-06
0.472,0.0,0.0,0.0,7.28387351532299e-05,2.18938509409689e-10,3.46814646772793e-06
0.473,0.0,0.0,0.0,7.28387351532299e-05,2.19190497823937e-10,3.46814646771201e-06
0.474,0.0,0.0,0.0,7.28387351532299e-05,2.19442486238183e-10,3.46814646769607e-06
0.475,0.0,0.0,0.0,7.28387351532299e-05,2.19694474652428e-10,3.46814646768012e-06
0.476,0.0,0.0,0.0,7.28387351532299e-05,2.19946463066672e-10,3.46814646766415e-06
0.477,0.0,0.0,0.0,7.28387351532299e-05,2.20198451480915e-10,3.46814646764816e-06
0.478,0.0,0.0,0.0,7.28387351532299e-05,2.20450439895157e-10,3.46814646763215e-06
0.479,0.0,0.0,0.0,7.28387351532299e-05,2.20702428309398e-10,3.46814646761612e-06
0.48,0.0,0.0,0.0,7.28387351532299e-05,2.20954416723637e-10,3.46814646760008e-06
0.481,0.0,0.0,0.0,7.28387351532299e-05,2.21206405137876e-10,3.46814646758402e-06
0.482,0.0,0.0,0.0,7.28387351532299e-05,2.21458393552113e-10,3.46814646756793e-06
0.483,0.0,0.0,0.0,7.28387351532299e-05,2.21710381966349e-10,3.46814646755183e-06
0.484,0.0,0.0,0.0,7.28387351532299e-05,2.21962370380583e-10,3.46814646753572e-06
0.485,0.0,0.0,0.0,7.28387351532299e-05,2.22214358794817e-10,3.46814646751958e-06
0.486,0.0,0.0,0.0,7.28387351532299e-05,2.2246634720904901e-10,3.46814646750342e-06
0.487,0.0,0.0,0.0,7.28387351532299e-05,2.2271833562328101e-10,3.46814646748725e-06
0.488,0.0,0.0,0.0,7.28387351532299e-05,2.22970324037511e-10,3.46814646747106e-06
0.489,0.0,0.0,0.0,7.28387351532299e-05,2.2322231245174003e-10,3.46814646745485e-06
0.49,0.0,0.0,0.0,7.28387351532299e-05,2.2347430086596701e-10,3.46814646743862e-06
0.491,0.0,0.0,0.0,7.28387351532299e-05,2.23726289280194e-10,3.46814646742238e-06
0.492,0.0,0.0,0.0,7.28387351532299e-05,2.23978277694419e-10,3.46814646740611e-06
0.493,0.0,0.0,0.0,7.28387351532299e-05,2.24230266108644e-10,3.46814646738983e-06
0.494,0.0,0.0,0.0,7.28387351532299e-05,2.24482254522867e-10,3.46814646737353e-06
0.495,0.0,0.0,0.0,7.28387351532299e-05,2.24734242937088e-10,3.46814646735721e-06
0.496,0.0,0.0,0.0,7.28387351532299e-05,2.24986231351309e-10,3.46814646734087e-06
0.497,0.0,0.0,0.0,7.28387351532299e-05,2.25238219765528e-10,3.46814646732451e-06
0.498,0.0,0.0,0.0,7.28387351532299e-05,2.25490208179747e-10,3.46814646730814e-06
0.499,0.0,0.0,0.0,7.28387351532299e-05,2.25742196593964e-10,3.46814646729175e-06
0.5,0.0,0.0,0.0,7.28387351532299e-05,2.2599418500818e-10,3.46814646727533e-06
0.501,0.0,0.0,0.0,7.28387351532299e-05,2.26246173422394e-10,3.46814646725891e-06
0.502,0.0,0.0,0.0,7.28387351532299e-05,2.26498161836608e-10,3.46814646724246e-06
0.503,0.0,0.0,0.0,7.28387351532299e-05,2.2675015025082002e-10,3.46814646722599e-06
0.504,0.0,0.0,0.0,7.28387351532299e-05,2.27002138665031e-10,3.46814646720951e-06
0.505,0.0,0.0,0.0,7.28387351532299e-05,2.27254127079241e-10,3.468146467193e-06
0.506,0.0,0.0,0.0,7.28387351532299e-05,2.2750611549345003e-10,3.46814646717648e-06
0.507,0.0,0.0,0.0,7.28387351532299e-05,2.27758103907657e-10,3.46814646715994e-06
0.508,0.0,0.0,0.0,7.28387351532299e-05,2.2801009232186401e-10,3.46814646714339e-06
0.509,0.0,0.0,0.0,7.28387351532299e-05,2.28262080736069e-10,3.46814646712681e-06
0.51,0.0,0.0,0.0,7.28387351532299e-05,2.28514069150273e-10,3.46814646711022e-06
0.511,0.0,0.0,0.0,7.28387351532299e-05,2.28766057564475e-10,3.4681464670936e-06
0.512,0.0,0.0,0.0,7.28387351532299e-05,2.2901804597867701e-10,3.46814646707697e-06
0.513,0.0,0.0,0.0,7.28387351532299e-05,2.29270034392877e-10,3.46814646706032e-06
0.514,0.0,0.0,0.0,7.28387351532299e-05,2.29522022807076e-10,3.46814646704366e-06
0.515,0.0,0.0,0.0,7.28387351532299e-05,2.2977401122127401e-10,3.46814646702697e-06
0.516,0.0,0.0,0.0,7.28387351532299e-05,2.3002599963547101e-10,3.46814646701027e-06
0.517,0.0,0.0,0.0,7.28387351532299e-05,2.30277988049666e-10,3.46814646699354e-06
0.518,0.0,0.0,0.0,7.28387351532299e-05,2.3052997646386003e-10,3.4681464669768e-06
0.519,0.0,0.0,0.0,7.28387351532299e-05,2.30781964878053e-10,3.46814646696004e-06
0.52,0.0,0.0,0.0,7.28387351532299e-05,2.31033953292245e-10,3.46814646694327e-06
0.521,0.0,0.0,0.0,7.28387351532299e-05,2.31285941706435e-10,3.46814646692647e-06
0.522,0.0,0.0,0.0,7.28387351532299e-05,2.31537930120625e-10,3.46814646690966e-06
0.523,0.0,0.0,0.0,7.28387351532299e-05,2.31789918534813e-10,3.46814646689283e-06
0.524,0.0,0.0,0.0,7.28387351532299e-05,2.32041906949e-10,3.46814646687597e-06
0.525,0.0,0.0,0.0,7.28387351532299e-05,2.32293895363185e-10,3.46814646685911e-06
0.526,0.0,0.0,0.0,7.28387351532299e-05,2.3254588377737002e-10,3.46814646684222e-06
0.527,0.0,0.0,0.0,7.28387351532299e-05,2.32797872191553e-10,3.46814646682531e-06
0.528,0.0,0.0,0.0,7.28387351532299e-05,2.33049860605735e-10,3.46814646680839e-06
0.529,0.0,0.0,0.0,7.28387351532299e-05,2.33301849019916e-10,3.46814646679145e-06
0.53,0.0,0.0,0.0,7.28387351532299e-05,2.33553837434095e-10,3.46814646677449e-06
0.531,0.0,0.0,0.0,7.28387351532299e-05,2.33805825848274e-10,3.46814646675751e-06
0.532,0.0,0.0,0.0,7.28387351532299e-05,2.3405781426245103e-10,3.46814646674051e-06
0.533,0.0,0.0,0.0,7.28387351532299e-05,2.34309802676626e-10,3.4681464667235e-06
0.534,0.0,0.0,0.0,7.28387351532299e-05,2.34561791090801e-10,3.46814646670646e-06
0.535,0.0,0.0,0.0,7.28387351532299e-05,2.34813779504974e-10,3.46814646668941e-06
0.536,0.0,0.0,0.0,7.28387351532299e-05,2.35065767919146e-10,3.46814646667234e-06
0.537,0.0,0.0,0.0,7.28387351532299e-05,2.35317756333317e-10,3.46814646665525e-06
0.538,0.0,0.0,0.0,7.28387351532299e-05,2.35569744747487e-10,3.46814646663814e-06
0.539,0.0,0.0,0.0,7.28387351532299e-05,2.35821733161655e-10,3.46814646662102e-06
0.54,0.0,0.0,0.0,7.28387351532299e-05,2.36073721575822e-10,3.46814646660388e-06
0.541,0.0,0.0,0.0,7.28387351532299e-05,2.36325709989988e-10,3.46814646658671e-06
0.542,0.0,0.0,0.0,7.28387351532299e-05,2.3657769840415303e-10,3.46814646656953e-06
0.543,0.0,0.0,0.0,7.28387351532299e-05,2.36829686818316e-10,3.46814646655234e-06
0.544,0.0,0.0,0.0,7.28387351532299e-05,2.37081675232478e-10,3.46814646653512e-06
0.545,0.0,0.0,0.0,7.28387351532299e-05,2.37333663646639e-10,3.46814646651788e-06
0.546,0.0,0.0,0.0,7.28387351532299e-05,2.37585652060799e-10,3.46814646650063e-06
0.547,0.0,0.0,0.0,7.28387351532299e-05,2.37837640474957e-10,3.46814646648336e-06
0.548,0.0,0.0,0.0,7.28387351532299e-05,2.38089628889114e-10,3.46814646646607e-06
0.549,0.0,0.0,0.0,7.28387351532299e-05,2.3834161730327003e-10,3.46814646644876e-06
0.55,0.0,0.0,0.0,7.28387351532299e-05,2.38593605717425e-10,3.46814646643143e-06
0.551,0.0,0.0,0.0,7.28387351532299e-05,2.38845594131578e-10,3.46814646641409e-06
0.552,0.0,0.0,0.0,7.28387351532299e-05,2.3909758254573e-10,3.46814646639673e-06
0.553,0.0,0.0,0.0,7.28387351532299e-05,2.39349570959881e-10,3.46814646637934e-06
0.554,0.0,0.0,0.0,7.28387351532299e-05,2.39601559374031e-10,3.46814646636194e-06
0.555,0.0,0.0,0.0,7.28387351532299e-05,2.39853547788179e-10,3.46814646634453e-06
0.556,0.0,0.0,0.0,7.28387351532299e-05,2.40105536202326e-10,3.46814646632709e-06
0.557,0.0,0.0,0.0,7.28387351532299e-05,2.40357524616472e-10,3.46814646630964e-06
0.558,0.0,0.0,0.0,7.28387351532299e-05,2.40609513030616e-10,3.46814646629216e-06
0.559,0.0,0.0,0.0,7.28387351532299e-05,2.40861501444759e-10,3.46814646627467e-06
0.56,0.0,0.0,0.0,7.28387351532299e-05,2.41113489858901e-10,3.46814646625716e-06
0.561,0.0,0.0,0.0,7.28387351532299e-05,2.41365478273042e-10,3.46814646623963e-06
0.562,0.0,0.0,0.0,7.28387351532299e-05,2.4161746668718103e-10,3.46814646622209e-06
0.563,0.0,0.0,0.0,7.28387351532299e-05,2.41869455101319e-10,3.46814646620452e-06
0.564,0.0,0.0,0.0,7.28387351532299e-05,2.42121443515456e-10,3.46814646618694e-06
0.565,0.0,0.0,0.0,7.28387351532299e-05,2.42373431929592e-10,3.46814646616934e-06
0.566,0.0,0.0,0.0,7.28387351532299e-05,2.42625420343726e-10,3.46814646615172e-06
0.567,0.0,0.0,0.0,7.28387351532299e-05,2.42877408757859e-10,3.46814646613408e-06
0.568,0.0,0.0,0.0,7.28387351532299e-05,2.43129397171991e-10,3.46814646611643e-06
0.569,0.0,0.0,0.0,7.28387351532299e-05,2.43381385586121e-10,3.46814646609875e-06
0.57,0.0,0.0,0.0,7.28387351532299e-05,2.4363337400025003e-10,3.46814646608106e-06
0.571,0.0,0.0,0.0,7.28387351532299e-05,2.43885362414378e-10,3.46814646606335e-06
0.572,0.0,0.0,0.0,7.28387351532299e-05,2.44137350828505e-10,3.46814646604562e-06
0.573,0.0,0.0,0.0,7.28387351532299e-05,2.4438933924263e-10,3.46814646602787e-06
0.574,0.0,0.0,0.0,7.28387351532299e-05,2.44641327656754e-10,3.4681464660101e-06
0.575,0.0,0.0,0.0,7.28387351532299e-05,2.44893316070877e-10,3.46814646599232e-06
0.576,0.0,0.0,0.0,7.28387351532299e-05,2.45145304484998e-10,3.46814646597452e-06
0.577,0.0,0.0,0.0,7.28387351532299e-05,2.45397292899118e-10,3.4681464659567e-06
0.578,0.0,0.0,0.0,7.28387351532299e-05,2.45649281313237e-10,3.46814646593886e-06
0.579,0.0,0.0,0.0,7.28387351532299e-05,2.45901269727355e-10,3.468146465921e-06
0.58,0.0,0.0,0.0,7.28387351532299e-05,2.46153258141471e-10,3.46814646590312e-06
0.581,0.0,0.0,0.0,7.28387351532299e-05,2.46405246555586e-10,3.46814646588523e-06
0.582,0.0,0.0,0.0,7.28387351532299e-05,2.466572349697e-10,3.46814646586732e-06
0.583,0.0,0.0,0.0,7.28387351532299e-05,2.46909223383812e-10,3.46814646584939e-06
0.584,0.0,0.0,0.0,7.28387351532299e-05,2.47161211797923e-10,3.46814646583144e-06
0.585,0.0,0.0,0.0,7.28387351532299e-05,2.4741320021203303e-10,3.46814646581347e-06
0.586,0.0,0.0,0.0,7.28387351532299e-05,2.47665188626141e-10,3.46814646579548e-06
0.587,0.0,0.0,0.0,7.28387351532299e-05,2.47917177040248e-10,3.46814646577748e-06
0.588,0.0,0.0,0.0,7.28387351532299e-05,2.48169165454354e-10,3.46814646575946e-06
0.589,0.0,0.0,0.0,7.28387351532299e-05,2.48421153868458e-10,3.46814646574142e-06
0.59,0.0,0.0,0.0,7.28387351532299e-05,2.48673142282562e-10,3.46814646572336e-06
0.591,0.0,0.0,0.0,7.28387351532299e-05,2.4892513069666403e-10,3.46814646570528e-06
0.592,0.0,0.0,0.0,7.28387351532299e-05,2.49177119110764e-10,3.46814646568718e-06
0.593,0.0,0.0,0.0,7.28387351532299e-05,2.49429107524863e-10,3.46814646566907e-06
0.594,0.0,0.0,0.0,7.28387351532299e-05,2.49681095938961e-10,3.46814646565094e-06
0.595,0.0,0.0,0.0,7.28387351532299e-05,2.49933084353058e-10,3.46814646563279e-06
0.596,0.0,0.0,0.0,7.28387351532299e-05,2.50185072767153e-10,3.46814646561462e-06
0.597,0.0,0.0,0.0,7.28387351532299e-05,2.50437061181247e-10,3.46814646559643e-06
0.598,0.0,0.0,0.0,7.28387351532299e-05,2.5068904959534004e-10,3.46814646557823e-06
0.599,0.0,0.0,0.0,7.28387351532299e-05,2.50941038009431e-10,3.46814646556e-06
0.6,0.0,0.0,0.0,7.28387351532299e-05,2.51193026423521e-10,3.46814646554176e-06
0.601,0.0,0.0,0.0,7.28387351532299e-05,2.5144501483761004e-10,3.4681464655235e-06
0.602,0.0,0.0,0.0,7.28387351532299e-05,2.5169700325169703e-10,3.46814646550522e-06
0.603,0.0,0.0,0.0,7.28387351532299e-05,2.51948991665783e-10,3.46814646548693e-06
0.604,0.0,0.0,0.0,7.28387351532299e-05,2.52200980079868e-10,3.46814646546861e-06
0.605,0.0,0.0,0.0,7.28387351532299e-05,2.52452968493951e-10,3.46814646545028e-06
0.606,0.0,0.0,0.0,7.28387351532299e-05,2.5270495690803303e-10,3.46814646543192e-06
0.607,0.0,0.0,0.0,7.28387351532299e-05,2.52956945322114e-10,3.46814646541355e-06
0.608,0.0,0.0,0.0,7.28387351532299e-05,2.53208933736193e-10,3.46814646539517e-06
0.609,0.0,0.0,0.0,7.28387351532299e-05,2.53460922150271e-10,3.46814646537676e-06
0.61,0.0,0.0,0.0,7.28387351532299e-05,2.53712910564348e-10,3.46814646535833e-06
0.611,0.0,0.0,0.0,7.28387351532299e-05,2.53964898978423e-10,3.46814646533989e-06
0.612,0.0,0.0,0.0,7.28387351532299e-05,2.54216887392497e-10,3.46814646532143e-06
0.613,0.0,0.0,0.0,7.28387351532299e-05,2.5446887580657e-10,3.46814646530295e-06
0.614,0.0,0.0,0.0,7.28387351532299e-05,2.5472086422064103e-10,3.46814646528445e-06
0.615,0.0,0.0,0.0,7.28387351532299e-05,2.54972852634711e-10,3.46814646526593e-06
0.616,0.0,0.0,0.0,7.28387351532299e-05,2.5522484104878e-10,3.4681464652474e-06
0.617,0.0,0.0,0.0,7.28387351532299e-05,2.5547682946284703e-10,3.46814646522885e-06
0.618,0.0,0.0,0.0,7.28387351532299e-05,2.55728817876913e-10,3.46814646521027e-06
0.619,0.0,0.0,0.0,7.28387351532299e-05,2.55980806290977e-10,3.46814646519168e-06
0.62,0.0,0.0,0.0,7.28387351532299e-05,2.5623279470504e-10,3.46814646517308e-06
0.621,0.0,0.0,0.0,7.28387351532299e-05,2.56484783119102e-10,3.46814646515445e-06
0.622,0.0,0.0,0.0,7.28387351532299e-05,2.56736771533163e-10,3.4681464651358e-06
0.623,0.0,0.0,0.0,7.28387351532299e-05,2.56988759947222e-10,3.46814646511714e-06
0.624,0.0,0.0,0.0,7.28387351532299e-05,2.5724074836128e-10,3.46814646509846e-06
0.625,0.0,0.0,0.0,7.28387351532299e-05,2.57492736775336e-10,3.46814646507976e-06
0.626,0.0,0.0,0.0,7.28387351532299e-05,2.57744725189391e-10,3.46814646506104e-06
0.627,0.0,0.0,0.0,7.28387351532299e-05,2.57996713603445e-10,3.46814646504231e-06
0.628,0.0,0.0,0.0,7.28387351532299e-05,2.58248702017497e-10,3.46814646502355e-06
0.629,0.0,0.0,0.0,7.28387351532299e-05,2.58500690431548e-10,3.46814646500478e-06
0.63,0.0,0.0,0.0,7.28387351532299e-05,2.58752678845598e-10,3.46814646498599e-06
0.631,0.0,0.0,0.0,7.28387351532299e-05,2.59004667259646e-10,3.46814646496718e-06
0.632,0.0,0.0,0.0,7.28387351532299e-05,2.59256655673693e-10,3.46814646494835e-06
0.633,0.0,0.0,0.0,7.28387351532299e-05,2.59508644087739e-10,3.4681464649295e-06
0.634,0.0,0.0,0.0,7.28387351532299e-05,2.59760632501783e-10,3.46814646491064e-06
0.635,0.0,0.0,0.0,7.28387351532299e-05,2.60012620915825e-10,3.46814646489176e-06
0.636,0.0,0.0,0.0,7.28387351532299e-05,2.60264609329867e-10,3.46814646487285e-06
0.637,0.0,0.0,0.0,7.28387351532299e-05,2.60516597743907e-10,3.46814646485394e-06
0.638,0.0,0.0,0.0,7.28387351532299e-05,2.60768586157946e-10,3.468146464835e-06
0.639,0.0,0.0,0.0,7.28387351532299e-05,2.61020574571983e-10,3.46814646481604e-06
0.64,0.0,0.0,0.0,7.28387351532299e-05,2.61272562986019e-10,3.46814646479707e-06
0.641,0.0,0.0,0.0,7.28387351532299e-05,2.61524551400053e-10,3.46814646477807e-06
0.642,0.0,0.0,0.0,7.28387351532299e-05,2.61776539814086e-10,3.46814646475906e-06
0.643,0.0,0.0,0.0,7.28387351532299e-05,2.62028528228118e-10,3.46814646474003e-06
0.644,0.0,0.0,0.0,7.28387351532299e-05,2.62280516642149e-10,3.46814646472099e-06
0.645,0.0,0.0,0.0,7.28387351532299e-05,2.62532505056178e-10,3.46814646470192e-06
0.646,0.0,0.0,0.0,7.28387351532299e-05,2.62784493470205e-10,3.46814646468284e-06
0.647,0.0,0.0,0.0,7.28387351532299e-05,2.63036481884231e-10,3.46814646466373e-06
0.648,0.0,0.0,0.0,7.28387351532299e-05,2.63288470298256e-10,3.46814646464461e-06
0.649,0.0,0.0,0.0,7.28387351532299e-05,2.6354045871228e-10,3.46814646462547e-06
0.65,0.0,0.0,0.0,7.28387351532299e-05,2.63792447126302e-10,3.46814646460632e-06
0.651,0.0,0.0,0.0,7.28387351532299e-05,2.64044435540322e-10,3.46814646458714e-06
0.652,0.0,0.0,0.0,7.28387351532299e-05,2.64296423954342e-10,3.46814646456795e-06
0.653,0.0,0.0,0.0,7.28387351532299e-05,2.6454841236836004e-10,3.46814646454873e-06
0.654,0.0,0.0,0.0,7.28387351532299e-05,2.64800400782376e-10,3.4681464645295e-06
0.655,0.0,0.0,0.0,7.28387351532299e-05,2.65052389196391e-10,3.46814646451025e-06
0.656,0.0,0.0,0.0,7.28387351532299e-05,2.65304377610405e-10,3.46814646449099e-06
0.657,0.0,0.0,0.0,7.28387351532299e-05,2.65556366024417e-10,3.4681464644717e-06
0.658,0.0,0.0,0.0,7.28387351532299e-05,2.65808354438428e-10,3.4681464644524e-06
0.659,0.0,0.0,0.0,7.28387351532299e-05,2.66060342852437e-10,3.46814646443308e-06
0.66,0.0,0.0,0.0,7.28387351532299e-05,2.66312331266445e-10,3.46814646441373e-06
0.661,0.0,0.0,0.0,7.28387351532299e-05,2.66564319680452e-10,3.46814646439438e-06
0.662,0.0,0.0,0.0,7.28387351532299e-05,2.66816308094457e-10,3.468146464375e-06
0.663,0.0,0.0,0.0,7.28387351532299e-05,2.67068296508461e-10,3.4681464643556e-06
0.664,0.0,0.0,0.0,7.28387351532299e-05,2.67320284922464e-10,3.46814646433619e-06
0.665,0.0,0.0,0.0,7.28387351532299e-05,2.67572273336465e-10,3.46814646431676e-06
0.666,0.0,0.0,0.0,7.28387351532299e-05,2.67824261750464e-10,3.46814646429731e-06
0.667,0.0,0.0,0.0,7.28387351532299e-05,2.6807625016446203e-10,3.46814646427784e-06
0.668,0.0,0.0,0.0,7.28387351532299e-05,2.68328238578459e-10,3.46814646425835e-06
0.669,0.0,0.0,0.0,7.28387351532299e-05,2.68580226992455e-10,3.46814646423885e-06
0.67,0.0,0.0,0.0,7.28387351532299e-05,2.68832215406449e-10,3.46814646421932e-06
0.671,0.0,0.0,0.0,7.28387351532299e-05,2.69084203820441e-10,3.46814646419978e-06
0.672,0.0,0.0,0.0,7.28387351532299e-05,2.6933619223443203e-10,3.46814646418022e-06
0.673,0.0,0.0,0.0,7.28387351532299e-05,2.6958818064842203e-10,3.46814646416064e-06
0.674,0.0,0.0,0.0,7.28387351532299e-05,2.6984016906241e-10,3.46814646414104e-06
0.675,0.0,0.0,0.0,7.28387351532299e-05,2.70092157476397e-10,3.46814646412143e-06
0.676,0.0,0.0,0.0,7.28387351532299e-05,2.70344145890382e-10,3.4681464641018e-06
0.677,0.0,0.0,0.0,7.28387351532299e-05,2.70596134304366e-10,3.46814646408214e-06
0.678,0.0,0.0,0.0,7.28387351532299e-05,2.70848122718349e-10,3.46814646406247e-06
0.679,0.0,0.0,0.0,7.28387351532299e-05,2.7110011113233e-10,3.46814646404278e-06
0.68,0.0,0.0,0.0,7.28387351532299e-05,2.7135209954631004e-10,3.46814646402308e-06
0.681,0.0,0.0,0.0,7.28387351532299e-05,2.71604087960288e-10,3.46814646400335e-06
0.682,0.0,0.0,0.0,7.28387351532299e-05,2.71856076374265e-10,3.46814646398361e-06
0.683,0.0,0.0,0.0,7.28387351532299e-05,2.7210806478824e-10,3.46814646396385e-06
0.684,0.0,0.0,0.0,7.28387351532299e-05,2.72360053202214e-10,3.46814646394407e-06
0.685,0.0,0.0,0.0,7.28387351532299e-05,2.72612041616187e-10,3.46814646392427e-06
0.686,0.0,0.0,0.0,7.28387351532299e-05,2.72864030030158e-10,3.46814646390445e-06
0.687,0.0,0.0,0.0,7.28387351532299e-05,2.73116018444127e-10,3.46814646388462e-06
0.688,0.0,0.0,0.0,7.28387351532299e-05,2.7336800685809603e-10,3.46814646386477e-06
0.689,0.0,0.0,0.0,7.28387351532299e-05,2.73619995272062e-10,3.46814646384489e-06
0.69,0.0,0.0,0.0,7.28387351532299e-05,2.73871983686028e-10,3.468146463825e-06
0.691,0.0,0.0,0.0,7.28387351532299e-05,2.74123972099991e-10,3.4681464638051e-06
0.692,0.0,0.0,0.0,7.28387351532299e-05,2.74375960513954e-10,3.46814646378517e-06
0.693,0.0,0.0,0.0,7.28387351532299e-05,2.74627948927915e-10,3.46814646376522e-06
0.694,0.0,0.0,0.0,7.28387351532299e-05,2.74879937341874e-10,3.46814646374526e-06
0.695,0.0,0.0,0.0,7.28387351532299e-05,2.75131925755832e-10,3.46814646372528e-06
0.696,0.0,0.0,0.0,7.28387351532299e-05,2.75383914169789e-10,3.46814646370528e-06
0.697,0.0,0.0,0.0,7.28387351532299e-05,2.75635902583744e-10,3.46814646368526e-06
0.698,0.0,0.0,0.0,7.28387351532299e-05,2.7588789099769803e-10,3.46814646366523e-06
0.699,0.0,0.0,0.0,7.28387351532299e-05,2.7613987941165003e-10,3.46814646364517e-06
0.7,0.0,0.0,0.0,7.28387351532299e-05,2.76391867825601e-10,3.4681464636251e-06
0.701,0.0,0.0,0.0,7.28387351532299e-05,2.7664385623955005e-10,3.46814646360501e-06
0.702,0.0,0.0,0.0,7.28387351532299e-05,2.76895844653498e-10,3.4681464635849e-06
0.703,0.0,0.0,0.0,7.28387351532299e-05,2.77147833067445e-10,3.46814646356477e-06
0.704,0.0,0.0,0.0,7.28387351532299e-05,2.7739982148139e-10,3.46814646354462e-06
0.705,0.0,0.0,0.0,7.28387351532299e-05,2.7765180989533303e-10,3.46814646352446e-06
0.706,0.0,0.0,0.0,7.28387351532299e-05,2.77903798309275e-10,3.46814646350428e-06
0.707,0.0,0.0,0.0,7.28387351532299e-05,2.78155786723216e-10,3.46814646348408e-06
0.708,0.0,0.0,0.0,7.28387351532299e-05,2.78407775137155e-10,3.46814646346386e-06
0.709,0.0,0.0,0.0,7.28387351532299e-05,2.78659763551092e-10,3.46814646344362e-06
0.71,0.0,0.0,0.0,7.28387351532299e-05,2.78911751965028e-10,3.46814646342336e-06
0.711,0.0,0.0,0.0,7.28387351532299e-05,2.79163740378963e-10,3.46814646340309e-06
0.712,0.0,0.0,0.0,7.28387351532299e-05,2.79415728792896e-10,3.4681464633828e-06
0.713,0.0,0.0,0.0,7.28387351532299e-05,2.79667717206828e-10,3.46814646336248e-06
0.714,0.0,0.0,0.0,7.28387351532299e-05,2.79919705620758e-10,3.46814646334216e-06
0.715,0.0,0.0,0.0,7.28387351532299e-05,2.8017169403468703e-10,3.46814646332181e-06
0.716,0.0,0.0,0.0,7.28387351532299e-05,2.80423682448614e-10,3.46814646330144e-06
0.717,0.0,0.0,0.0,7.28387351532299e-05,2.8067567086254e-10,3.46814646328106e-06
0.718,0.0,0.0,0.0,7.28387351532299e-05,2.80927659276464e-10,3.46814646326065e-06
0.719,0.0,0.0,0.0,7.28387351532299e-05,2.8117964769038703e-10,3.46814646324023e-06
0.72,0.0,0.0,0.0,7.28387351532299e-05,2.81431636104309e-10,3.4681464632198e-06
0.721,0.0,0.0,0.0,7.28387351532299e-05,2.81683624518229e-10,3.46814646319934e-06
0.722,0.0,0.0,0.0,7.28387351532299e-05,2.81935612932147e-10,3.46814646317886e-06
0.723,0.0,0.0,0.0,7.28387351532299e-05,2.8218760134606403e-10,3.46814646315837e-06
0.724,0.0,0.0,0.0,7.28387351532299e-05,2.82439589759979e-10,3.46814646313786e-06
0.725,0.0,0.0,0.0,7.28387351532299e-05,2.82691578173893e-10,3.46814646311733e-06
0.726,0.0,0.0,0.0,7.28387351532299e-05,2.82943566587806e-10,3.46814646309678e-06
0.727,0.0,0.0,0.0,7.28387351532299e-05,2.83195555001716e-10,3.46814646307621e-06
0.728,0.0,0.0,0.0,7.28387351532299e-05,2.83447543415626e-10,3.46814646305562e-06
0.729,0.0,0.0,0.0,7.28387351532299e-05,2.8369953182953403e-10,3.46814646303502e-06
0.73,0.0,0.0,0.0,7.28387351532299e-05,2.8395152024344e-10,3.4681464630144e-06
0.731,0.0,0.0,0.0,7.28387351532299e-05,2.84203508657345e-10,3.46814646299376e-06
0.732,0.0,0.0,0.0,7.28387351532299e-05,2.84455497071249e-10,3.4681464629731e-06
0.733,0.0,0.0,0.0,7.28387351532299e-05,2.84707485485151e-10,3.46814646295242e-06
0.734,0.0,0.0,0.0,7.28387351532299e-05,2.84959473899051e-10,3.46814646293173e-06
0.735,0.0,0.0,0.0,7.28387351532299e-05,2.8521146231295e-10,3.46814646291101e-06
0.736,0.0,0.0,0.0,7.28387351532299e-05,2.8546345072684803e-10,3.46814646289028e-06
0.737,0.0,0.0,0.0,7.28387351532299e-05,2.85715439140743e-10,3.46814646286953e-06
0.738,0.0,0.0,0.0,7.28387351532299e-05,2.85967427554638e-10,3.46814646284876e-06
0.739,0.0,0.0,0.0,7.28387351532299e-05,2.86219415968531e-10,3.46814646282797e-06
0.74,0.0,0.0,0.0,7.28387351532299e-05,2.86471404382422e-10,3.46814646280717e-06
0.741,0.0,0.0,0.0,7.28387351532299e-05,2.86723392796312e-10,3.46814646278634e-06
0.742,0.0,0.0,0.0,7.28387351532299e-05,2.869753812102e-10,3.4681464627655e-06
0.743,0.0,0.0,0.0,7.28387351532299e-05,2.87227369624087e-10,3.46814646274464e-06
0.744,0.0,0.0,0.0,7.28387351532299e-05,2.87479358037973e-10,3.46814646272376e-06
0.745,0.0,0.0,0.0,7.28387351532299e-05,2.8773134645185603e-10,3.46814646270287e-06
0.746,0.0,0.0,0.0,7.28387351532299e-05,2.87983334865739e-10,3.46814646268195e-06
0.747,0.0,0.0,0.0,7.28387351532299e-05,2.88235323279619e-10,3.46814646266102e-06
0.748,0.0,0.0,0.0,7.28387351532299e-05,2.88487311693499e-10,3.46814646264007e-06
0.749,0.0,0.0,0.0,7.28387351532299e-05,2.88739300107376e-10,3.4681464626191e-06
0.75,0.0,0.0,0.0,7.28387351532299e-05,2.88991288521253e-10,3.46814646259811e-06
0.751,0.0,0.0,0.0,7.28387351532299e-05,2.89243276935127e-10,3.4681464625771e-06
0.752,0.0,0.0,0.0,7.28387351532299e-05,2.89495265349e-10,3.46814646255608e-06
0.753,0.0,0.0,0.0,7.28387351532299e-05,2.89747253762872e-10,3.46814646253503e-06
0.754,0.0,0.0,0.0,7.28387351532299e-05,2.89999242176742e-10,3.46814646251397e-06
0.755,0.0,0.0,0.0,7.28387351532299e-05,2.90251230590611e-10,3.46814646249289e-06
0.756,0.0,0.0,0.0,7.28387351532299e-05,2.90503219004478e-10,3.46814646247179e-06
0.757,0.0,0.0,0.0,7.28387351532299e-05,2.90755207418343e-10,3.46814646245068e-06
0.758,0.0,0.0,0.0,7.28387351532299e-05,2.91007195832207e-10,3.46814646242954e-06
0.759,0.0,0.0,0.0,7.28387351532299e-05,2.9125918424607003e-10,3.46814646240839e-06
0.76,0.0,0.0,0.0,7.28387351532299e-05,2.9151117265993e-10,3.46814646238722e-06
0.761,0.0,0.0,0.0,7.28387351532299e-05,2.9176316107379003e-10,3.46814646236603e-06
0.762,0.0,0.0,0.0,7.28387351532299e-05,2.92015149487648e-10,3.46814646234482e-06
0.763,0.0,0.0,0.0,7.28387351532299e-05,2.92267137901504e-10,3.46814646232359e-06
0.764,0.0,0.0,0.0,7.28387351532299e-05,2.92519126315359e-10,3.46814646230235e-06
0.765,0.0,0.0,0.0,7.28387351532299e-05,2.92771114729212e-10,3.46814646228109e-06
0.766,0.0,0.0,0.0,7.28387351532299e-05,2.93023103143063e-10,3.4681464622598e-06
0.767,0.0,0.0,0.0,7.28387351532299e-05,2.93275091556914e-10,3.46814646223851e-06
0.768,0.0,0.0,0.0,7.28387351532299e-05,2.93527079970762e-10,3.46814646221719e-06
0.769,0.0,0.0,0.0,7.28387351532299e-05,2.93779068384609e-10,3.46814646219585e-06
0.77,0.0,0.0,0.0,7.28387351532299e-05,2.94031056798455e-10,3.4681464621745e-06
0.771,0.0,0.0,0.0,7.28387351532299e-05,2.94283045212298e-10,3.46814646215312e-06
0.772,0.0,0.0,0.0,7.28387351532299e-05,2.94535033626141e-10,3.46814646213173e-06
0.773,0.0,0.0,0.0,7.28387351532299e-05,2.94787022039982e-10,3.46814646211032e-06
0.774,0.0,0.0,0.0,7.28387351532299e-05,2.95039010453821e-10,3.46814646208889e-06
0.775,0.0,0.0,0.0,7.28387351532299e-05,2.95290998867658e-10,3.46814646206745e-06
0.776,0.0,0.0,0.0,7.28387351532299e-05,2.95542987281495e-10,3.46814646204598e-06
0.777,0.0,0.0,0.0,7.28387351532299e-05,2.95794975695329e-10,3.4681464620245e-06
0.778,0.0,0.0,0.0,7.28387351532299e-05,2.96046964109162e-10,3.468146462003e-06
0.779,0.0,0.0,0.0,7.28387351532299e-05,2.96298952522994e-10,3.46814646198148e-06
0.78,0.0,0.0,0.0,7.28387351532299e-05,2.96550940936823e-10,3.46814646195994e-06
0.781,0.0,0.0,0.0,7.28387351532299e-05,2.96802929350652e-10,3.46814646193839e-06
0.782,0.0,0.0,0.0,7.28387351532299e-05,2.97054917764478e-10,3.46814646191681e-06
0.783,0.0,0.0,0.0,7.28387351532299e-05,2.97306906178304e-10,3.46814646189522e-06
0.784,0.0,0.0,0.0,7.28387351532299e-05,2.97558894592127e-10,3.46814646187361e-06
0.785,0.0,0.0,0.0,7.28387351532299e-05,2.97810883005949e-10,3.46814646185198e-06
0.786,0.0,0.0,0.0,7.28387351532299e-05,2.9806287141977003e-10,3.46814646183033e-06
0.787,0.0,0.0,0.0,7.28387351532299e-05,2.9831485983358803e-10,3.46814646180867e-06
0.788,0.0,0.0,0.0,7.28387351532299e-05,2.98566848247406e-10,3.46814646178698e-06
0.789,0.0,0.0,0.0,7.28387351532299e-05,2.98818836661221e-10,3.46814646176528e-06
0.79,0.0,0.0,0.0,7.28387351532299e-05,2.99070825075036e-10,3.46814646174356e-06
0.791,0.0,0.0,0.0,7.28387351532299e-05,2.99322813488848e-10,3.46814646172182e-06
0.792,0.0,0.0,0.0,7.28387351532299e-05,2.99574801902659e-10,3.46814646170006e-06
0.793,0.0,0.0,0.0,7.28387351532299e-05,2.99826790316469e-10,3.46814646167829e-06
0.794,0.0,0.0,0.0,7.28387351532299e-05,3.00078778730276e-10,3.46814646165649e-06
0.795,0.0,0.0,0.0,7.28387351532299e-05,3.00330767144083e-10,3.46814646163468e-06
0.796,0.0,0.0,0.0,7.28387351532299e-05,3.00582755557887e-10,3.46814646161285e-06
0.797,0.0,0.0,0.0,7.28387351532299e-05,3.0083474397169004e-10,3.468146461591e-06
0.798,0.0,0.0,0.0,7.28387351532299e-05,3.01086732385492e-10,3.46814646156914e-06
0.799,0.0,0.0,0.0,7.28387351532299e-05,3.01338720799292e-10,3.46814646154725e-06
0.8,0.0,0.0,0.0,7.28387351532299e-05,3.0159070921309e-10,3.46814646152535e-06
0.801,0.0,0.0,0.0,7.28387351532299e-05,3.01842697626887e-10,3.46814646150342e-06
0.802,0.0,0.0,0.0,7.28387351532299e-05,3.02094686040682e-10,3.46814646148148e-06
0.803,0.0,0.0,0.0,7.28387351532299e-05,3.0234667445447503e-10,3.46814646145952e-06
0.804,0.0,0.0,0.0,7.28387351532299e-05,3.02598662868267e-10,3.46814646143755e-06
0.805,0.0,0.0,0.0,7.28387351532299e-05,3.0285065128205803e-10,3.46814646141555e-06
0.806,0.0,0.0,0.0,7.28387351532299e-05,3.03102639695846e-10,3.46814646139354e-06
0.807,0.0,0.0,0.0,7.28387351532299e-05,3.03354628109633e-10,3.46814646137151e-06
0.808,0.0,0.0,0.0,7.28387351532299e-05,3.03606616523419e-10,3.46814646134946e-06
0.809,0.0,0.0,0.0,7.28387351532299e-05,3.03858604937203e-10,3.46814646132739e-06
0.81,0.0,0.0,0.0,7.28387351532299e-05,3.04110593350985e-10,3.4681464613053e-06
0.811,0.0,0.0,0.0,7.28387351532299e-05,3.04362581764766e-10,3.4681464612832e-06
0.812,0.0,0.0,0.0,7.28387351532299e-05,3.04614570178545e-10,3.46814646126107e-06
0.813,0.0,0.0,0.0,7.28387351532299e-05,3.04866558592323e-10,3.46814646123893e-06
0.814,0.0,0.0,0.0,7.28387351532299e-05,3.05118547006098e-10,3.46814646121677e-06
0.815,0.0,0.0,0.0,7.28387351532299e-05,3.05370535419873e-10,3.46814646119459e-06
0.816,0.0,0.0,0.0,7.28387351532299e-05,3.05622523833645e-10,3.4681464611724e-06
0.817,0.0,0.0,0.0,7.28387351532299e-05,3.05874512247416e-10,3.46814646115018e-06
0.818,0.0,0.0,0.0,7.28387351532299e-05,3.06126500661186e-10,3.46814646112795e-06
0.819,0.0,0.0,0.0,7.28387351532299e-05,3.06378489074954e-10,3.4681464611057e-06
0.82,0.0,0.0,0.0,7.28387351532299e-05,3.0663047748872e-10,3.46814646108342e-06
0.821,0.0,0.0,0.0,7.28387351532299e-05,3.06882465902484e-10,3.46814646106114e-06
0.822,0.0,0.0,0.0,7.28387351532299e-05,3.07134454316247e-10,3.46814646103883e-06
0.823,0.0,0.0,0.0,7.28387351532299e-05,3.0738644273000903e-10,3.46814646101651e-06
0.824,0.0,0.0,0.0,7.28387351532299e-05,3.07638431143768e-10,3.46814646099416e-06
0.825,0.0,0.0,0.0,7.28387351532299e-05,3.07890419557527e-10,3.4681464609718e-06
0.826,0.0,0.0,0.0,7.28387351532299e-05,3.08142407971283e-10,3.46814646094942e-06
0.827,0.0,0.0,0.0,7.28387351532299e-05,3.08394396385038e-10,3.46814646092702e-06
0.828,0.0,0.0,0.0,7.28387351532299e-05,3.08646384798791e-10,3.46814646090461e-06
0.829,0.0,0.0,0.0,7.28387351532299e-05,3.08898373212543e-10,3.46814646088217e-06
0.83,0.0,0.0,0.0,7.28387351532299e-05,3.09150361626293e-10,3.46814646085972e-06
0.831,0.0,0.0,0.0,7.28387351532299e-05,3.09402350040041e-10,3.46814646083725e-06
0.832,0.0,0.0,0.0,7.28387351532299e-05,3.09654338453788e-10,3.46814646081476e-06
0.833,0.0,0.0,0.0,7.28387351532299e-05,3.09906326867533e-10,3.46814646079225e-06
0.834,0.0,0.0,0.0,7.28387351532299e-05,3.1015831528127603e-10,3.46814646076972e-06
0.835,0.0,0.0,0.0,7.28387351532299e-05,3.1041030369501803e-10,3.46814646074718e-06
0.836,0.0,0.0,0.0,7.28387351532299e-05,3.10662292108758e-10,3.46814646072461e-06
0.837,0.0,0.0,0.0,7.28387351532299e-05,3.10914280522496e-10,3.46814646070203e-06
0.838,0.0,0.0,0.0,7.28387351532299e-05,3.11166268936233e-10,3.46814646067943e-06
0.839,0.0,0.0,0.0,7.28387351532299e-05,3.11418257349969e-10,3.46814646065682e-06
0.84,0.0,0.0,0.0,7.28387351532299e-05,3.11670245763702e-10,3.46814646063418e-06
0.841,0.0,0.0,0.0,7.28387351532299e-05,3.11922234177434e-10,3.46814646061153e-06
0.842,0.0,0.0,0.0,7.28387351532299e-05,3.12174222591164e-10,3.46814646058885e-06
0.843,0.0,0.0,0.0,7.28387351532299e-05,3.12426211004893e-10,3.46814646056616e-06
0.844,0.0,0.0,0.0,7.28387351532299e-05,3.1267819941862003e-10,3.46814646054345e-06
0.845,0.0,0.0,0.0,7.28387351532299e-05,3.12930187832345e-10,3.46814646052072e-06
0.846,0.0,0.0,0.0,7.28387351532299e-05,3.1318217624606903e-10,3.46814646049798e-06
0.847,0.0,0.0,0.0,7.28387351532299e-05,3.13434164659791e-10,3.46814646047521e-06
0.848,0.0,0.0,0.0,7.28387351532299e-05,3.13686153073511e-10,3.46814646045243e-06
0.849,0.0,0.0,0.0,7.28387351532299e-05,3.1393814148723004e-10,3.46814646042963e-06
0.85,0.0,0.0,0.0,7.28387351532299e-05,3.14190129900947e-10,3.46814646040681e-06
0.851,0.0,0.0,0.0,7.28387351532299e-05,3.14442118314663e-10,3.46814646038397e-06
0.852,0.0,0.0,0.0,7.28387351532299e-05,3.14694106728376e-10,3.46814646036112e-06
0.853,0.0,0.0,0.0,7.28387351532299e-05,3.1494609514208803e-10,3.46814646033824e-06
0.854,0.0,0.0,0.0,7.28387351532299e-05,3.15198083555799e-10,3.46814646031535e-06
0.855,0.0,0.0,0.0,7.28387351532299e-05,3.15450071969508e-10,3.46814646029244e-06
0.856,0.0,0.0,0.0,7.28387351532299e-05,3.15702060383215e-10,3.46814646026951e-06
0.857,0.0,0.0,0.0,7.28387351532299e-05,3.1595404879692e-10,3.46814646024656e-06
0.858,0.0,0.0,0.0,7.28387351532299e-05,3.16206037210624e-10,3.4681464602236e-06
0.859,0.0,0.0,0.0,7.28387351532299e-05,3.16458025624326e-10,3.46814646020061e-06
0.86,0.0,0.0,0.0,7.28387351532299e-05,3.16710014038026e-10,3.46814646017761e-06
0.861,0.0,0.0,0.0,7.28387351532299e-05,3.16962002451725e-10,3.46814646015459e-06
0.862,0.0,0.0,0.0,7.28387351532299e-05,3.17213990865422e-10,3.46814646013155e-06
0.863,0.0,0.0,0.0,7.28387351532299e-05,3.1746597927911703e-10,3.4681464601085e-06
0.864,0.0,0.0,0.0,7.28387351532299e-05,3.17717967692811e-10,3.46814646008542e-06
0.865,0.0,0.0,0.0,7.28387351532299e-05,3.17969956106503e-10,3.46814646006233e-06
0.866,0.0,0.0,0.0,7.28387351532299e-05,3.18221944520194e-10,3.46814646003921e-06
0.867,0.0,0.0,0.0,7.28387351532299e-05,3.18473932933882e-10,3.46814646001608e-06
0.868,0.0,0.0,0.0,7.28387351532299e-05,3.18725921347569e-10,3.46814645999293e-06
0.869,0.0,0.0,0.0,7.28387351532299e-05,3.18977909761255e-10,3.46814645996977e-06
0.87,0.0,0.0,0.0,7.28387351532299e-05,3.19229898174938e-10,3.46814645994658e-06
0.871,0.0,0.0,0.0,7.28387351532299e-05,3.1948188658862005e-10,3.46814645992338e-06
0.872,0.0,0.0,0.0,7.28387351532299e-05,3.197338750023e-10,3.46814645990016e-06
0.873,0.0,0.0,0.0,7.28387351532299e-05,3.19985863415979e-10,3.46814645987691e-06
0.874,0.0,0.0,0.0,7.28387351532299e-05,3.20237851829656e-10,3.46814645985366e-06
0.875,0.0,0.0,0.0,7.28387351532299e-05,3.20489840243331e-10,3.46814645983038e-06
0.876,0.0,0.0,0.0,7.28387351532299e-05,3.20741828657005e-10,3.46814645980708e-06
0.877,0.0,0.0,0.0,7.28387351532299e-05,3.20993817070676e-10,3.46814645978377e-06
0.878,0.0,0.0,0.0,7.28387351532299e-05,3.21245805484347e-10,3.46814645976044e-06
0.879,0.0,0.0,0.0,7.28387351532299e-05,3.21497793898015e-10,3.46814645973709e-06
0.88,0.0,0.0,0.0,7.28387351532299e-05,3.21749782311682e-10,3.46814645971372e-06
0.881,0.0,0.0,0.0,7.28387351532299e-05,3.2200177072534703e-10,3.46814645969033e-06
0.882,0.0,0.0,0.0,7.28387351532299e-05,3.2225375913901003e-10,3.46814645966693e-06
0.883,0.0,0.0,0.0,7.28387351532299e-05,3.22505747552672e-10,3.4681464596435e-06
0.884,0.0,0.0,0.0,7.28387351532299e-05,3.22757735966332e-10,3.46814645962006e-06
0.885,0.0,0.0,0.0,7.28387351532299e-05,3.2300972437999005e-10,3.4681464595966e-06
0.886,0.0,0.0,0.0,7.28387351532299e-05,3.23261712793646e-10,3.46814645957312e-06
0.887,0.0,0.0,0.0,7.28387351532299e-05,3.23513701207301e-10,3.46814645954963e-06
0.888,0.0,0.0,0.0,7.28387351532299e-05,3.23765689620954e-10,3.46814645952611e-06
0.889,0.0,0.0,0.0,7.28387351532299e-05,3.24017678034605e-10,3.46814645950258e-06
0.89,0.0,0.0,0.0,7.28387351532299e-05,3.24269666448255e-10,3.46814645947903e-06
0.891,0.0,0.0,0.0,7.28387351532299e-05,3.24521654861903e-10,3.46814645945546e-06
0.892,0.0,0.0,0.0,7.28387351532299e-05,3.24773643275549e-10,3.46814645943187e-06
0.893,0.0,0.0,0.0,7.28387351532299e-05,3.25025631689194e-10,3.46814645940826e-06
0.894,0.0,0.0,0.0,7.28387351532299e-05,3.25277620102837e-10,3.46814645938464e-06
0.895,0.0,0.0,0.0,7.28387351532299e-05,3.25529608516478e-10,3.46814645936099e-06
0.896,0.0,0.0,0.0,7.28387351532299e-05,3.25781596930117e-10,3.46814645933733e-06
0.897,0.0,0.0,0.0,7.28387351532299e-05,3.26033585343755e-10,3.46814645931365e-06
0.898,0.0,0.0,0.0,7.28387351532299e-05,3.26285573757391e-10,3.46814645928996e-06
0.899,0.0,0.0,0.0,7.28387351532299e-05,3.26537562171025e-10,3.46814645926624e-06
0.9,0.0,0.0,0.0,7.28387351532299e-05,3.26789550584658e-10,3.4681464592425e-06
0.901,0.0,0.0,0.0,7.28387351532299e-05,3.2704153899828803e-10,3.46814645921875e-06
0.902,0.0,0.0,0.0,7.28387351532299e-05,3.27293527411917e-10,3.46814645919498e-06
0.903,0.0,0.0,0.0,7.28387351532299e-05,3.27545515825545e-10,3.46814645917119e-06
0.904,0.0,0.0,0.0,7.28387351532299e-05,3.2779750423917e-10,3.46814645914738e-06
0.905,0.0,0.0,0.0,7.28387351532299e-05,3.28049492652794e-10,3.46814645912356e-06
0.906,0.0,0.0,0.0,7.28387351532299e-05,3.28301481066416e-10,3.46814645909971e-06
0.907,0.0,0.0,0.0,7.28387351532299e-05,3.28553469480037e-10,3.46814645907585e-06
0.908,0.0,0.0,0.0,7.28387351532299e-05,3.28805457893655e-10,3.46814645905197e-06
0.909,0.0,0.0,0.0,7.28387351532299e-05,3.29057446307272e-10,3.46814645902807e-06
0.91,0.0,0.0,0.0,7.28387351532299e-05,3.29309434720887e-10,3.46814645900415e-06
0.911,0.0,0.0,0.0,7.28387351532299e-05,3.29561423134501e-10,3.46814645898021e-06
0.912,0.0,0.0,0.0,7.28387351532299e-05,3.29813411548113e-10,3.46814645895626e-06
0.913,0.0,0.0,0.0,7.28387351532299e-05,3.30065399961723e-10,3.46814645893229e-06
0.914,0.0,0.0,0.0,7.28387351532299e-05,3.30317388375331e-10,3.4681464589083e-06
0.915,0.0,0.0,0.0,7.28387351532299e-05,3.30569376788937e-10,3.46814645888429e-06
0.916,0.0,0.0,0.0,7.28387351532299e-05,3.3082136520254203e-10,3.46814645886026e-06
0.917,0.0,0.0,0.0,7.28387351532299e-05,3.31073353616145e-10,3.46814645883621e-06
0.918,0.0,0.0,0.0,7.28387351532299e-05,3.3132534202974603e-10,3.46814645881215e-06
0.919,0.0,0.0,0.0,7.28387351532299e-05,3.31577330443346e-10,3.46814645878807e-06
0.92,0.0,0.0,0.0,7.28387351532299e-05,3.31829318856943e-10,3.46814645876397e-06
0.921,0.0,0.0,0.0,7.28387351532299e-05,3.32081307270539e-10,3.46814645873985e-06
0.922,0.0,0.0,0.0,7.28387351532299e-05,3.32333295684134e-10,3.46814645871571e-06
0.923,0.0,0.0,0.0,7.28387351532299e-05,3.32585284097726e-10,3.46814645869155e-06
0.924,0.0,0.0,0.0,7.28387351532299e-05,3.3283727251131703e-10,3.46814645866738e-06
0.925,0.0,0.0,0.0,7.28387351532299e-05,3.33089260924906e-10,3.46814645864319e-06
0.926,0.0,0.0,0.0,7.28387351532299e-05,3.33341249338493e-10,3.46814645861898e-06
0.927,0.0,0.0,0.0,7.28387351532299e-05,3.33593237752079e-10,3.46814645859475e-06
0.928,0.0,0.0,0.0,7.28387351532299e-05,3.33845226165662e-10,3.4681464585705e-06
0.929,0.0,0.0,0.0,7.28387351532299e-05,3.34097214579244e-10,3.46814645854623e-06
0.93,0.0,0.0,0.0,7.28387351532299e-05,3.3434920299282403e-10,3.46814645852195e-06
0.931,0.0,0.0,0.0,7.28387351532299e-05,3.34601191406403e-10,3.46814645849765e-06
0.932,0.0,0.0,0.0,7.28387351532299e-05,3.34853179819979e-10,3.46814645847333e-06
0.933,0.0,0.0,0.0,7.28387351532299e-05,3.3510516823355403e-10,3.46814645844899e-06
0.934,0.0,0.0,0.0,7.28387351532299e-05,3.35357156647127e-10,3.46814645842463e-06
0.935,0.0,0.0,0.0,7.28387351532299e-05,3.35609145060699e-10,3.46814645840025e-06
0.936,0.0,0.0,0.0,7.28387351532299e-05,3.35861133474268e-10,3.46814645837586e-06
0.937,0.0,0.0,0.0,7.28387351532299e-05,3.36113121887836e-10,3.46814645835145e-06
0.938,0.0,0.0,0.0,7.28387351532299e-05,3.36365110301402e-10,3.46814645832702e-06
0.939,0.0,0.0,0.0,7.28387351532299e-05,3.36617098714966e-10,3.46814645830257e-06
0.94,0.0,0.0,0.0,7.28387351532299e-05,3.36869087128529e-10,3.4681464582781e-06
0.941,0.0,0.0,0.0,7.28387351532299e-05,3.37121075542089e-10,3.46814645825362e-06
0.942,0.0,0.0,0.0,7.28387351532299e-05,3.3737306395564803e-10,3.46814645822911e-06
0.943,0.0,0.0,0.0,7.28387351532299e-05,3.37625052369205e-10,3.46814645820459e-06
0.944,0.0,0.0,0.0,7.28387351532299e-05,3.37877040782761e-10,3.46814645818005e-06
0.945,0.0,0.0,0.0,7.28387351532299e-05,3.3812902919631403e-10,3.46814645815549e-06
0.946,0.0,0.0,0.0,7.28387351532299e-05,3.38381017609866e-10,3.46814645813092e-06
0.947,0.0,0.0,0.0,7.28387351532299e-05,3.38633006023416e-10,3.46814645810632e-06
0.948,0.0,0.0,0.0,7.28387351532299e-05,3.38884994436964e-10,3.46814645808171e-06
0.949,0.0,0.0,0.0,7.28387351532299e-05,3.3913698285051e-10,3.46814645805708e-06
0.95,0.0,0.0,0.0,7.28387351532299e-05,3.39388971264055e-10,3.46814645803242e-06
0.951,0.0,0.0,0.0,7.28387351532299e-05,3.39640959677598e-10,3.46814645800776e-06
0.952,0.0,0.0,0.0,7.28387351532299e-05,3.39892948091139e-10,3.46814645798307e-06
0.953,0.0,0.0,0.0,7.28387351532299e-05,3.40144936504678e-10,3.46814645795836e-06
0.954,0.0,0.0,0.0,7.28387351532299e-05,3.40396924918216e-10,3.46814645793364e-06
0.955,0.0,0.0,0.0,7.28387351532299e-05,3.40648913331751e-10,3.4681464579089e-06
0.956,0.0,0.0,0.0,7.28387351532299e-05,3.4090090174528503e-10,3.46814645788414e-06
0.957,0.0,0.0,0.0,7.28387351532299e-05,3.4115289015881703e-10,3.46814645785936e-06
0.958,0.0,0.0,0.0,7.28387351532299e-05,3.41404878572347e-10,3.46814645783456e-06
0.959,0.0,0.0,0.0,7.28387351532299e-05,3.41656866985876e-10,3.46814645780975e-06
0.96,0.0,0.0,0.0,7.28387351532299e-05,3.41908855399402e-10,3.46814645778492e-06
0.961,0.0,0.0,0.0,7.28387351532299e-05,3.42160843812927e-10,3.46814645776006e-06
0.962,0.0,0.0,0.0,7.28387351532299e-05,3.4241283222645004e-10,3.4681464577352e-06
0.963,0.0,0.0,0.0,7.28387351532299e-05,3.4266482063997103e-10,3.46814645771031e-06
0.964,0.0,0.0,0.0,7.28387351532299e-05,3.42916809053491e-10,3.4681464576854e-06
0.965,0.0,0.0,0.0,7.28387351532299e-05,3.43168797467008e-10,3.46814645766048e-06
0.966,0.0,0.0,0.0,7.28387351532299e-05,3.43420785880524e-10,3.46814645763553e-06
0.967,0.0,0.0,0.0,7.28387351532299e-05,3.43672774294038e-10,3.46814645761057e-06
0.968,0.0,0.0,0.0,7.28387351532299e-05,3.4392476270755e-10,3.46814645758559e-06
0.969,0.0,0.0,0.0,7.28387351532299e-05,3.44176751121061e-10,3.46814645756059e-06
0.97,0.0,0.0,0.0,7.28387351532299e-05,3.44428739534569e-10,3.46814645753558e-06
0.971,0.0,0.0,0.0,7.28387351532299e-05,3.44680727948076e-10,3.46814645751054e-06
0.972,0.0,0.0,0.0,7.28387351532299e-05,3.44932716361581e-10,3.46814645748549e-06
0.973,0.0,0.0,0.0,7.28387351532299e-05,3.45184704775084e-10,3.46814645746042e-06
0.974,0.0,0.0,0.0,7.28387351532299e-05,3.45436693188585e-10,3.46814645743533e-06
0.975,0.0,0.0,0.0,7.28387351532299e-05,3.45688681602084e-10,3.46814645741022e-06
0.976,0.0,0.0,0.0,7.28387351532299e-05,3.45940670015582e-10,3.46814645738509e-06
0.977,0.0,0.0,0.0,7.28387351532299e-05,3.46192658429078e-10,3.46814645735995e-06
0.978,0.0,0.0,0.0,7.28387351532299e-05,3.46444646842572e-10,3.46814645733479e-06
0.979,0.0,0.0,0.0,7.28387351532299e-05,3.46696635256064e-10,3.46814645730961e-06
0.98,0.0,0.0,0.0,7.28387351532299e-05,3.46948623669554e-10,3.46814645728441e-06
0.981,0.0,0.0,0.0,7.28387351532299e-05,3.47200612083043e-10,3.46814645725919e-06
0.982,0.0,0.0,0.0,7.28387351532299e-05,3.47452600496529e-10,3.46814645723395e-06
0.983,0.0,0.0,0.0,7.28387351532299e-05,3.47704588910014e-10,3.4681464572087e-06
0.984,0.0,0.0,0.0,7.28387351532299e-05,3.47956577323497e-10,3.46814645718343e-06
0.985,0.0,0.0,0.0,7.28387351532299e-05,3.48208565736978e-10,3.46814645715813e-06
0.986,0.0,0.0,0.0,7.28387351532299e-05,3.48460554150457e-10,3.46814645713283e-06
0.987,0.0,0.0,0.0,7.28387351532299e-05,3.48712542563935e-10,3.4681464571075e-06
0.988,0.0,0.0,0.0,7.28387351532299e-05,3.4896453097741e-10,3.46814645708215e-06
0.989,0.0,0.0,0.0,7.28387351532299e-05,3.49216519390884e-10,3.46814645705679e-06
0.99,0.0,0.0,0.0,7.28387351532299e-05,3.49468507804356e-10,3.46814645703141e-06
0.991,0.0,0.0,0.0,7.28387351532299e-05,3.49720496217826e-10,3.468146457006e-06
0.992,0.0,0.0,0.0,7.28387351532299e-05,3.49972484631294e-10,3.46814645698059e-06
0.993,0.0,0.0,0.0,7.28387351532299e-05,3.50224473044761e-10,3.46814645695515e-06
0.994,0.0,0.0,0.0,7.28387351532299e-05,3.5047646145822503e-10,3.46814645692969e-06
0.995,0.0,0.0,0.0,7.28387351532299e-05,3.50728449871688e-10,3.46814645690422e-06
0.996,0.0,0.0,0.0,7.28387351532299e-05,3.5098043828514903e-10,3.46814645687873e-06
0.997,0.0,0.0,0.0,7.28387351532299e-05,3.5123242669860803e-10,3.46814645685322e-06
0.998,0.0,0.0,0.0,7.28387351532299e-05,3.51484415112065e-10,3.46814645682769e-06
0.999,0.0,0.0,0.0,7.28387351532299e-05,3.5173640352552003e-10,3.46814645680214e-06
