mag_time,mag_x,mag_y,mag_z
0.0,-19.088646286332633,-4.868795241263833,47.35726260193341
0.001,-19.08864628633755,-4.868795241257166,47.35726260193167
0.002,-19.088646286342208,-4.868795241250421,47.35726260192959
0.003,-19.088646286346428,-4.868795241243635,47.357262601927154
0.004,-19.088646286350144,-4.868795241236784,47.357262601924205
0.005,-19.08864628635341,-4.868795241229864,47.35726260192086
0.006,-19.088646286356305,-4.868795241222892,47.35726260191715
0.007,-19.08864628635876,-4.8687952412158655,47.357262601912986
0.008,-19.088646286360763,-4.868795241208773,47.357262601908324
0.009,-19.088646286362493,-4.868795241201627,47.357262601903315
0.01,-19.08864628636355,-4.86879524119442,47.35726260189788
0.011,-19.088646286364337,-4.868795241187147,47.35726260189199
0.012,-19.08864628636475,-4.868795241179822,47.35726260188571
0.013,-19.088646286364643,-4.8687952411724345,47.35726260187899
0.014,-19.088646286364177,-4.868795241164996,47.35726260187177
0.015,-19.088646286363286,-4.86879524115749,47.35726260186427
0.016,-19.08864628636184,-4.868795241149914,47.35726260185615
0.017,-19.088646286360103,-4.868795241142292,47.35726260184785
0.018,-19.088646286357907,-4.868795241134612,47.357262601838954
0.019,-19.08864628635527,-4.86879524112686,47.35726260182968
0.02,-19.088646286352205,-4.868795241119063,47.35726260181997
0.021,-19.088646286348766,-4.868795241111194,47.357262601809815
0.022,-19.088646286344865,-4.868795241103278,47.357262601799256
0.023,-19.08864628634051,-4.868795241095303,47.35726260178833
0.024,-19.088646286335848,-4.8687952410872635,47.35726260177696
0.025,-19.08864628633064,-4.868795241079164,47.35726260176506
0.026,-19.088646286325023,-4.868795241071,47.35726260175279
0.027,-19.088646286318973,-4.868795241062789,47.35726260174007
0.028,-19.0886462863125,-4.868795241054496,47.35726260172696
0.029,-19.088646286305714,-4.86879524104617,47.35726260171357
0.03,-19.088646286298395,-4.868795241037779,47.35726260169948
0.031,-19.08864628629068,-4.868795241029324,47.35726260168517
0.032,-19.08864628628254,-4.868795241020813,47.357262601670364
0.033,-19.088646286274013,-4.868795241012238,47.357262601655165
0.034,-19.088646286265032,-4.868795241003607,47.3572626016395
0.035,-19.088646286255564,-4.868795240994908,47.357262601623404
0.036,-19.088646286245712,-4.868795240986155,47.35726260160692
0.037,-19.08864628623549,-4.868795240977352,47.357262601590065
0.038,-19.088646286224844,-4.868795240968478,47.35726260157269
0.039,-19.088646286213653,-4.868795240959551,47.35726260155493
0.04,-19.088646286202106,-4.8687952409505515,47.35726260153673
0.041,-19.08864628619026,-4.868795240941521,47.357262601518144
0.042,-19.088646286177756,-4.868795240932407,47.35726260149906
0.043,-19.088646286164956,-4.868795240923244,47.357262601479555
0.044,-19.08864628615179,-4.868795240914005,47.35726260145963
0.045,-19.08864628613808,-4.868795240904723,47.35726260143931
0.046,-19.088646286124046,-4.868795240895377,47.35726260141857
0.047,-19.08864628610957,-4.86879524088598,47.35726260139748
0.048,-19.088646286094587,-4.868795240876521,47.35726260137584
0.049,-19.08864628607923,-4.868795240866987,47.357262601353796
0.05,-19.088646286063458,-4.868795240857405,47.3572626013314
0.051,-19.088646286047293,-4.868795240847764,47.35726260130846
0.052,-19.088646286030713,-4.868795240838069,47.3572626012852
0.053,-19.088646286013606,-4.8687952408283035,47.35726260126152
0.054,-19.088646285996116,-4.868795240818493,47.3572626012373
0.055,-19.088646285978314,-4.8687952408086,47.35726260121278
0.056,-19.088646285959868,-4.86879524079866,47.35726260118768
0.057,-19.088646285941216,-4.868795240788672,47.357262601162326
0.058,-19.088646285921946,-4.868795240778613,47.35726260113649
0.059,-19.088646285902456,-4.868795240768489,47.35726260111016
0.06,-19.08864628588241,-4.868795240758326,47.357262601083555
0.061,-19.08864628586187,-4.8687952407480894,47.357262601056405
0.062,-19.088646285841072,-4.8687952407377955,47.35726260102889
0.063,-19.08864628581984,-4.868795240727429,47.3572626010009
0.064,-19.08864628579809,-4.868795240717024,47.35726260097248
0.065,-19.088646285775955,-4.8687952407065485,47.3572626009437
0.066,-19.088646285753356,-4.868795240696012,47.357262600914446
0.067,-19.08864628573043,-4.868795240685419,47.35726260088476
0.068,-19.08864628570692,-4.868795240674772,47.357262600854696
0.069,-19.08864628568318,-4.868795240664057,47.35726260082416
0.07,-19.088646285658807,-4.868795240653292,47.35726260079326
0.071,-19.088646285634166,-4.868795240642467,47.357262600761906
0.072,-19.088646285609038,-4.868795240631577,47.35726260073012
0.073,-19.088646285583557,-4.868795240620631,47.35726260069792
0.074,-19.088646285557594,-4.868795240609636,47.35726260066525
0.075,-19.088646285531247,-4.868795240598564,47.35726260063223
0.076,-19.08864628550447,-4.868795240587435,47.3572626005987
0.077,-19.088646285477108,-4.868795240576246,47.357262600564816
0.078,-19.08864628544958,-4.868795240565004,47.35726260053052
0.079,-19.08864628542146,-4.868795240553699,47.357262600495716
0.08,-19.088646285393004,-4.8687952405423305,47.35726260046049
0.081,-19.088646285364042,-4.868795240530913,47.35726260042485
0.082,-19.088646285334733,-4.868795240519445,47.35726260038892
0.083,-19.088646285304876,-4.8687952405078825,47.35726260035232
0.084,-19.088646285274642,-4.868795240496295,47.35726260031549
0.085,-19.088646285244078,-4.868795240484636,47.35726260027821
0.086,-19.088646285213084,-4.8687952404729264,47.35726260024047
0.087,-19.088646285181554,-4.868795240461147,47.3572626002023
0.088,-19.08864628514959,-4.868795240449308,47.35726260016366
0.089,-19.088646285117335,-4.868795240437409,47.357262600124706
0.09,-19.08864628508462,-4.868795240425457,47.357262600085264
0.091,-19.088646285051414,-4.868795240413443,47.35726260004543
0.092,-19.088646285017848,-4.868795240401363,47.357262600005136
0.093,-19.088646284983838,-4.868795240389228,47.3572625999644
0.094,-19.088646284949405,-4.868795240377035,47.357262599923295
0.095,-19.08864628491452,-4.8687952403647445,47.35726259988175
0.096,-19.088646284879193,-4.868795240352473,47.35726259983972
0.097,-19.088646284843563,-4.868795240340104,47.35726259979733
0.098,-19.088646284807357,-4.868795240327629,47.35726259975449
0.099,-19.088646284770846,-4.868795240315176,47.3572625997112
0.1,-19.08864628473383,-4.86879524030263,47.357262599667614
0.101,-19.08864628469643,-4.868795240290018,47.3572625996235
0.102,-19.088646284658612,-4.868795240277345,47.35726259957901
0.103,-19.088646284620445,-4.868795240264623,47.35726259953398
0.104,-19.088646284581664,-4.868795240251789,47.3572625994886
0.105,-19.088646284542648,-4.86879524023894,47.35726259944275
0.106,-19.088646284503113,-4.868795240226045,47.35726259939659
0.107,-19.08864628446308,-4.868795240213069,47.35726259934988
0.108,-19.08864628442269,-4.868795240200063,47.3572625993029
0.109,-19.088646284381884,-4.868795240186967,47.35726259925528
0.11,-19.08864628434065,-4.868795240173829,47.35726259920745
0.111,-19.088646284299084,-4.868795240160631,47.35726259915905
0.112,-19.088646284256956,-4.868795240147364,47.357262599110285
0.113,-19.088646284214406,-4.868795240134033,47.35726259906101
0.114,-19.088646284171507,-4.868795240120662,47.35726259901148
0.115,-19.088646284128192,-4.868795240107224,47.35726259896144
0.116,-19.088646284084394,-4.8687952400937204,47.35726259891094
0.117,-19.08864628404017,-4.86879524008016,47.357262598859975
0.118,-19.088646283995605,-4.868795240066541,47.35726259880873
0.119,-19.08864628395054,-4.868795240052869,47.35726259875688
0.12,-19.08864628390507,-4.868795240039136,47.35726259870472
0.121,-19.088646283859248,-4.868795240025331,47.35726259865213
0.122,-19.088646283812864,-4.868795240011485,47.35726259859914
0.123,-19.088646283766057,-4.868795239997559,47.35726259854565
0.124,-19.08864628371899,-4.868795239983604,47.35726259849185
0.125,-19.08864628367135,-4.868795239969572,47.357262598437515
0.126,-19.088646283623376,-4.868795239955469,47.35726259838288
0.127,-19.088646283574978,-4.868795239941325,47.357262598327665
0.128,-19.088646283526007,-4.8687952399271,47.35726259827205
0.129,-19.088646283476777,-4.868795239912847,47.357262598216074
0.13,-19.088646283427106,-4.8687952398985095,47.35726259815963
0.131,-19.088646283376956,-4.868795239884118,47.35726259810274
0.132,-19.0886462833264,-4.868795239869668,47.35726259804549
0.133,-19.08864628327536,-4.868795239855159,47.35726259798779
0.134,-19.088646283223973,-4.868795239840594,47.357262597929704
0.135,-19.08864628317216,-4.868795239825976,47.35726259787125
0.136,-19.088646283119857,-4.868795239811295,47.357262597812195
0.137,-19.088646283067202,-4.868795239796543,47.357262597752744
0.138,-19.08864628301414,-4.8687952397817345,47.35726259769294
0.139,-19.08864628296058,-4.868795239766868,47.35726259763268
0.14,-19.088646282906655,-4.868795239751953,47.357262597572046
0.141,-19.08864628285233,-4.868795239736969,47.35726259751101
0.142,-19.08864628279753,-4.868795239721916,47.35726259744941
0.143,-19.08864628274224,-4.868795239706818,47.3572625973875
0.144,-19.088646282686582,-4.868795239691667,47.35726259732521
0.145,-19.08864628263046,-4.868795239676442,47.35726259726233
0.146,-19.088646282573983,-4.868795239661162,47.35726259719913
0.147,-19.088646282517058,-4.868795239645826,47.35726259713549
0.148,-19.088646282459763,-4.868795239630426,47.35726259707147
0.149,-19.088646282401935,-4.868795239614979,47.357262597006866
0.15,-19.088646282343714,-4.868795239599454,47.35726259694193
0.151,-19.08864628228509,-4.868795239583873,47.35726259687659
0.152,-19.088646282226026,-4.86879523956824,47.35726259681091
0.153,-19.088646282166618,-4.8687952395525445,47.357262596744704
0.154,-19.0886462821067,-4.868795239536782,47.35726259667806
0.155,-19.08864628204639,-4.868795239520971,47.35726259661104
0.156,-19.088646281985678,-4.8687952395050855,47.3572625965435
0.157,-19.088646281924476,-4.868795239489173,47.35726259647567
0.158,-19.08864628186291,-4.868795239473179,47.35726259640743
0.159,-19.0886462818009,-4.868795239457124,47.357262596338614
0.16,-19.08864628173844,-4.86879523944102,47.35726259626942
0.161,-19.088646281675615,-4.86879523942484,47.35726259619984
0.162,-19.088646281612302,-4.868795239408614,47.357262596129814
0.163,-19.088646281548645,-4.868795239392328,47.3572625960594
0.164,-19.088646281484433,-4.868795239375984,47.35726259598857
0.165,-19.088646281419983,-4.868795239359573,47.35726259591725
0.166,-19.08864628135494,-4.868795239343109,47.35726259584558
0.167,-19.0886462812896,-4.868795239326588,47.35726259577345
0.168,-19.08864628122367,-4.86879523931,47.35726259570082
0.169,-19.08864628115744,-4.8687952392933616,47.35726259562786
0.17,-19.088646281090785,-4.86879523927663,47.35726259555446
0.171,-19.08864628102363,-4.868795239259891,47.35726259548059
0.172,-19.088646280956223,-4.8687952392430445,47.35726259540637
0.173,-19.088646280888224,-4.868795239226172,47.35726259533168
0.174,-19.08864628081987,-4.868795239209228,47.35726259525654
0.175,-19.088646280751032,-4.868795239192221,47.35726259518099
0.176,-19.088646280681758,-4.868795239175159,47.357262595104956
0.177,-19.088646280612227,-4.8687952391580485,47.3572625950287
0.178,-19.088646280542154,-4.868795239140868,47.3572625949519
0.179,-19.088646280471593,-4.868795239123623,47.357262594874676
0.18,-19.088646280400614,-4.868795239106335,47.357262594796985
0.181,-19.088646280329286,-4.868795239088963,47.35726259471885
0.182,-19.088646280257567,-4.868795239071558,47.35726259464033
0.183,-19.088646280185333,-4.868795239054091,47.357262594561526
0.184,-19.088646280112762,-4.868795239036548,47.35726259448205
0.185,-19.088646280039704,-4.868795239018955,47.35726259440225
0.186,-19.088646279966216,-4.868795239001305,47.35726259432211
0.187,-19.088646279892384,-4.868795238983589,47.35726259424155
0.188,-19.088646279818068,-4.868795238965813,47.35726259416041
0.189,-19.088646279743333,-4.86879523894798,47.357262594078904
0.19,-19.088646279668104,-4.868795238930086,47.357262593997014
0.191,-19.08864627959252,-4.868795238912146,47.35726259391467
0.192,-19.088646279516517,-4.868795238894143,47.357262593831955
0.193,-19.088646279440074,-4.868795238876065,47.357262593748786
0.194,-19.08864627936323,-4.868795238857931,47.35726259366509
0.195,-19.088646279285935,-4.868795238839748,47.3572625935811
0.196,-19.088646279208277,-4.868795238821508,47.35726259349666
0.197,-19.088646279130128,-4.868795238803208,47.357262593411825
0.198,-19.088646279051552,-4.868795238784829,47.3572625933265
0.199,-19.088646278972575,-4.868795238766411,47.357262593240776
0.2,-19.088646278893133,-4.868795238747924,47.3572625931546
0.201,-19.088646278813354,-4.868795238729383,47.35726259306814
0.202,-19.08864627873307,-4.868795238710774,47.35726259298099
0.203,-19.08864627865246,-4.868795238692111,47.35726259289355
0.204,-19.088646278571368,-4.868795238673394,47.35726259280579
0.205,-19.088646278489787,-4.868795238654615,47.35726259271745
0.206,-19.088646278407836,-4.868795238635755,47.357262592628715
0.207,-19.088646278325438,-4.8687952386168725,47.35726259253964
0.208,-19.08864627824262,-4.868795238597898,47.357262592450084
0.209,-19.088646278159317,-4.868795238578884,47.3572625923601
0.21,-19.088646278075803,-4.868795238559815,47.3572625922697
0.211,-19.08864627799174,-4.868795238540677,47.35726259217894
0.212,-19.08864627790725,-4.868795238521463,47.35726259208768
0.213,-19.08864627782228,-4.86879523850219,47.35726259199597
0.214,-19.08864627773695,-4.868795238482884,47.35726259190385
0.215,-19.08864627765113,-4.868795238463504,47.3572625918113
0.216,-19.08864627756498,-4.868795238444079,47.35726259171846
0.217,-19.088646277478396,-4.8687952384245765,47.35726259162498
0.218,-19.08864627739133,-4.868795238405032,47.35726259153123
0.219,-19.088646277303855,-4.868795238385412,47.35726259143696
0.22,-19.088646277215947,-4.8687952383657445,47.35726259134231
0.221,-19.088646277127623,-4.86879523834602,47.35726259124735
0.222,-19.088646277038883,-4.868795238326233,47.357262591151866
0.223,-19.08864627694978,-4.8687952383063795,47.35726259105585
0.224,-19.08864627686009,-4.868795238286463,47.357262590959486
0.225,-19.088646276770024,-4.868795238266491,47.35726259086273
0.226,-19.08864627667966,-4.868795238246458,47.35726259076551
0.227,-19.088646276588857,-4.868795238226383,47.357262590667936
0.228,-19.088646276497546,-4.86879523820622,47.35726259056982
0.229,-19.088646276405814,-4.868795238186035,47.35726259047149
0.23,-19.08864627631372,-4.86879523816576,47.35726259037247
0.231,-19.08864627622113,-4.8687952381454265,47.35726259027315
0.232,-19.088646276128102,-4.8687952381250446,47.357262590173484
0.233,-19.088646276034762,-4.868795238104599,47.35726259007326
0.234,-19.088646275940988,-4.868795238084096,47.35726258997267
0.235,-19.088646275846692,-4.868795238063542,47.357262589871695
0.236,-19.088646275752033,-4.868795238042919,47.357262589770286
0.237,-19.088646275656934,-4.868795238022218,47.357262589668416
0.238,-19.08864627556146,-4.868795238001483,47.35726258956617
0.239,-19.08864627546548,-4.868795237980669,47.35726258946334
0.24,-19.088646275369076,-4.868795237959822,47.35726258936029
0.241,-19.088646275272254,-4.8687952379388975,47.357262589256614
0.242,-19.08864627517502,-4.868795237917924,47.35726258915271
0.243,-19.088646275077412,-4.8687952378968875,47.3572625890483
0.244,-19.088646274979293,-4.868795237875788,47.357262588943435
0.245,-19.088646274880794,-4.868795237854648,47.35726258883819
0.246,-19.08864627478201,-4.868795237833432,47.357262588732475
0.247,-19.088646274682556,-4.86879523781216,47.35726258862635
0.248,-19.088646274582747,-4.868795237790812,47.357262588519816
0.249,-19.088646274482574,-4.868795237769418,47.357262588412866
0.25,-19.08864627438205,-4.8687952377479595,47.357262588305495
0.251,-19.08864627428098,-4.868795237726454,47.357262588197614
0.252,-19.08864627417951,-4.868795237704875,47.35726258808938
0.253,-19.0886462740776,-4.8687952376832415,47.35726258798076
0.254,-19.088646273975268,-4.86879523766155,47.35726258787168
0.255,-19.0886462738726,-4.868795237639793,47.35726258776215
0.256,-19.08864627376938,-4.868795237617987,47.35726258765226
0.257,-19.088646273665876,-4.868795237596122,47.3572625875419
0.258,-19.088646273561885,-4.8687952375742025,47.35726258743109
0.259,-19.088646273457396,-4.868795237552217,47.35726258731985
0.26,-19.088646273352495,-4.868795237530165,47.357262587208226
0.261,-19.08864627324725,-4.86879523750807,47.357262587096216
0.262,-19.0886462731415,-4.868795237485902,47.357262586983765
0.263,-19.088646273035366,-4.868795237463672,47.35726258687079
0.264,-19.08864627292886,-4.86879523744139,47.357262586757436
0.265,-19.088646272821858,-4.868795237419045,47.35726258664362
0.266,-19.088646272714502,-4.8687952373966175,47.357262586529444
0.267,-19.088646272606628,-4.8687952373741625,47.357262586414954
0.268,-19.088646272498387,-4.868795237351633,47.35726258629982
0.269,-19.08864627238972,-4.868795237329069,47.35726258618443
0.27,-19.088646272280617,-4.868795237306414,47.35726258606844
0.271,-19.08864627217111,-4.86879523728373,47.35726258595221
0.272,-19.08864627206118,-4.868795237260976,47.3572625858355
0.273,-19.088646271950754,-4.86879523723815,47.35726258571824
0.274,-19.08864627183997,-4.868795237215274,47.35726258560082
0.275,-19.088646271728813,-4.8687952371923435,47.357262585482744
0.276,-19.08864627161709,-4.868795237169341,47.35726258536427
0.277,-19.08864627150495,-4.868795237146287,47.35726258524545
0.278,-19.088646271392523,-4.868795237123175,47.35726258512615
0.279,-19.088646271279654,-4.868795237100005,47.3572625850064
0.28,-19.088646271166287,-4.868795237076776,47.35726258488637
0.281,-19.08864627105253,-4.868795237053459,47.35726258476579
0.282,-19.0886462709383,-4.868795237030107,47.35726258464479
0.283,-19.08864627082365,-4.868795237006704,47.35726258452341
0.284,-19.088646270708704,-4.868795236983231,47.35726258440155
0.285,-19.088646270593216,-4.8687952369597,47.35726258427935
0.286,-19.088646270477312,-4.8687952369361085,47.3572625841566
0.287,-19.088646270361057,-4.868795236912466,47.357262584033485
0.288,-19.088646270244297,-4.868795236888752,47.35726258391006
0.289,-19.08864627012708,-4.868795236864977,47.357262583786046
0.29,-19.08864627000952,-4.868795236841152,47.35726258366172
0.291,-19.0886462698915,-4.86879523681727,47.357262583536816
0.292,-19.08864626977309,-4.868795236793326,47.357262583411675
0.293,-19.088646269654255,-4.868795236769323,47.357262583285916
0.294,-19.088646269534923,-4.868795236745259,47.357262583159944
0.295,-19.088646269415182,-4.868795236721123,47.35726258303339
0.296,-19.08864626929516,-4.868795236696935,47.35726258290649
0.297,-19.088646269174514,-4.868795236672697,47.357262582779114
0.298,-19.088646269053523,-4.868795236648393,47.35726258265134
0.299,-19.088646268932187,-4.868795236624033,47.35726258252312
0.3,-19.08864626881036,-4.868795236599606,47.357262582394505
0.301,-19.08864626868816,-4.868795236575129,47.35726258226544
0.302,-19.088646268565434,-4.8687952365506,47.35726258213601
0.303,-19.088646268442357,-4.8687952365259966,47.35726258200616
0.304,-19.088646268318858,-4.86879523650134,47.357262581875815
0.305,-19.088646268194868,-4.868795236476632,47.35726258174505
0.306,-19.088646268070526,-4.868795236451845,47.35726258161395
0.307,-19.08864626794575,-4.868795236427011,47.35726258148228
0.308,-19.088646267820508,-4.868795236402121,47.35726258135031
0.309,-19.088646267694866,-4.868795236377173,47.3572625812178
0.31,-19.088646267568784,-4.868795236352149,47.35726258108493
0.311,-19.088646267442286,-4.868795236327074,47.35726258095159
0.312,-19.088646267315376,-4.868795236301933,47.35726258081788
0.313,-19.08864626718798,-4.868795236276744,47.357262580683745
0.314,-19.088646267060216,-4.868795236251499,47.35726258054919
0.315,-19.088646266932138,-4.868795236226186,47.357262580414194
0.316,-19.088646266803423,-4.868795236200817,47.35726258027878
0.317,-19.08864626667446,-4.868795236175383,47.357262580142965
0.318,-19.088646266544956,-4.868795236149895,47.35726258000663
0.319,-19.08864626641512,-4.868795236124328,47.35726257986999
0.32,-19.088646266284858,-4.868795236098739,47.3572625797329
0.321,-19.088646266154043,-4.868795236073064,47.35726257959538
0.322,-19.08864626602287,-4.868795236047337,47.35726257945731
0.323,-19.08864626589129,-4.8687952360215245,47.35726257931894
0.324,-19.08864626575922,-4.868795235995683,47.35726257918007
0.325,-19.088646265626803,-4.868795235969775,47.35726257904095
0.326,-19.088646265494027,-4.868795235943822,47.3572625789013
0.327,-19.088646265360715,-4.868795235917798,47.35726257876108
0.328,-19.08864626522704,-4.868795235891717,47.35726257862061
0.329,-19.088646265092926,-4.868795235865578,47.35726257847968
0.33,-19.08864626495843,-4.868795235839365,47.35726257833832
0.331,-19.08864626482344,-4.868795235813114,47.35726257819656
0.332,-19.08864626468795,-4.868795235786792,47.35726257805424
0.333,-19.088646264552192,-4.868795235760425,47.35726257791166
0.334,-19.088646264415935,-4.8687952357339865,47.35726257776871
0.335,-19.088646264279184,-4.868795235707483,47.357262577625036
0.336,-19.088646264142113,-4.868795235680926,47.35726257748119
0.337,-19.088646264004588,-4.8687952356543045,47.35726257733687
0.338,-19.088646263866686,-4.868795235627631,47.35726257719204
0.339,-19.088646263728343,-4.868795235600895,47.357262577047
0.34,-19.088646263589542,-4.868795235574106,47.35726257690136
0.341,-19.088646263450265,-4.868795235547254,47.35726257675526
0.342,-19.0886462633106,-4.868795235520337,47.357262576608804
0.343,-19.088646263170574,-4.868795235493378,47.35726257646195
0.344,-19.08864626303016,-4.868795235466333,47.35726257631465
0.345,-19.08864626288917,-4.868795235439239,47.357262576166896
0.346,-19.088646262747837,-4.868795235412096,47.357262576018705
0.347,-19.08864626260608,-4.8687952353848765,47.357262575870045
0.348,-19.088646262463907,-4.868795235357606,47.35726257572116
0.349,-19.088646262321248,-4.868795235330283,47.357262575571696
0.35,-19.088646262178234,-4.868795235302881,47.35726257542183
0.351,-19.088646262034832,-4.868795235275431,47.35726257527154
0.352,-19.088646261890922,-4.868795235247928,47.35726257512086
0.353,-19.088646261746696,-4.868795235220349,47.35726257496971
0.354,-19.08864626160195,-4.868795235192744,47.35726257481821
0.355,-19.0886462614567,-4.868795235165053,47.357262574666116
0.356,-19.088646261311126,-4.868795235137308,47.357262574513705
0.357,-19.088646261165128,-4.868795235109513,47.35726257436093
0.358,-19.088646261018706,-4.868795235081648,47.3572625742077
0.359,-19.088646260871865,-4.868795235053712,47.35726257405395
0.36,-19.08864626072461,-4.868795235025728,47.357262573899874
0.361,-19.088646260576827,-4.8687952349976795,47.35726257374536
0.362,-19.088646260428746,-4.868795234969582,47.357262573590404
0.363,-19.088646260280175,-4.868795234941435,47.357262573435
0.364,-19.08864626013125,-4.868795234913208,47.35726257327921
0.365,-19.08864625998181,-4.8687952348849395,47.357262573122966
0.366,-19.088646259832068,-4.868795234856602,47.35726257296629
0.367,-19.088646259681813,-4.868795234828195,47.35726257280921
0.368,-19.088646259531114,-4.868795234799746,47.357262572651784
0.369,-19.08864625937997,-4.868795234771221,47.357262572493745
0.37,-19.088646259228476,-4.868795234742622,47.35726257233542
0.371,-19.088646259076544,-4.868795234713988,47.35726257217662
0.372,-19.08864625892413,-4.868795234685287,47.357262572017376
0.373,-19.088646258771302,-4.868795234656548,47.357262571857774
0.374,-19.08864625861819,-4.868795234627732,47.35726257169771
0.375,-19.08864625846452,-4.868795234598869,47.357262571537255
0.376,-19.088646258310483,-4.868795234569932,47.35726257137642
0.377,-19.088646258156,-4.868795234540949,47.357262571215095
0.378,-19.088646258001077,-4.868795234511904,47.35726257105328
0.379,-19.088646257845742,-4.868795234482784,47.35726257089114
0.38,-19.08864625768996,-4.86879523445362,47.3572625707285
0.381,-19.088646257533732,-4.868795234424399,47.357262570565524
0.382,-19.088646257377256,-4.868795234395117,47.35726257040206
0.383,-19.088646257220123,-4.868795234365765,47.357262570238156
0.384,-19.08864625706263,-4.86879523433635,47.35726257007384
0.385,-19.08864625690472,-4.8687952343068925,47.35726256990918
0.386,-19.088646256746586,-4.868795234277367,47.357262569743995
0.387,-19.088646256587786,-4.868795234247775,47.357262569578374
0.388,-19.088646256428664,-4.86879523421813,47.357262569412455
0.389,-19.088646256269005,-4.868795234188432,47.35726256924602
0.39,-19.08864625610907,-4.86879523415867,47.35726256907911
0.391,-19.088646255948625,-4.8687952341288465,47.3572625689119
0.392,-19.08864625578779,-4.8687952340989575,47.35726256874417
0.393,-19.08864625562654,-4.868795234069034,47.35726256857608
0.394,-19.08864625546485,-4.868795234039019,47.35726256840751
0.395,-19.088646255302677,-4.8687952340089655,47.35726256823851
0.396,-19.088646255140105,-4.868795233978836,47.357262568069146
0.397,-19.088646254977153,-4.86879523394866,47.35726256789925
0.398,-19.088646254813796,-4.8687952339184335,47.35726256772911
0.399,-19.08864625464996,-4.868795233888118,47.357262567558394
0.4,-19.088646254485646,-4.86879523385776,47.35726256738736
0.401,-19.088646254320977,-4.8687952338273455,47.357262567215784
0.402,-19.08864625415595,-4.868795233796862,47.3572625670438
0.403,-19.088646253990436,-4.868795233766329,47.357262566871476
0.404,-19.08864625382451,-4.868795233735752,47.35726256669872
0.405,-19.088646253658023,-4.868795233705091,47.35726256652544
0.406,-19.088646253491287,-4.868795233674397,47.35726256635177
0.407,-19.088646253324146,-4.868795233643626,47.35726256617773
0.408,-19.08864625315647,-4.868795233612753,47.35726256600318
0.409,-19.088646252988383,-4.868795233581872,47.3572625658284
0.41,-19.08864625281989,-4.868795233550913,47.35726256565297
0.411,-19.08864625265095,-4.868795233519913,47.35726256547718
0.412,-19.08864625248163,-4.868795233488857,47.35726256530103
0.413,-19.088646252311918,-4.868795233457726,47.357262565124365
0.414,-19.088646252141668,-4.868795233426554,47.35726256494742
0.415,-19.088646251971106,-4.86879523339529,47.35726256476993
0.416,-19.088646251800103,-4.86879523336398,47.35726256459205
0.417,-19.088646251628628,-4.868795233332632,47.35726256441373
0.418,-19.0886462514567,-4.868795233301215,47.35726256423497
0.419,-19.08864625128451,-4.868795233269719,47.35726256405583
0.42,-19.088646251111747,-4.868795233238167,47.357262563876226
0.421,-19.088646250938506,-4.868795233206565,47.357262563696146
0.422,-19.08864625076496,-4.868795233174895,47.357262563515775
0.423,-19.08864625059097,-4.8687952331431825,47.357262563334906
0.424,-19.088646250416605,-4.868795233111386,47.35726256315352
0.425,-19.08864625024172,-4.868795233079543,47.35726256297183
0.426,-19.0886462500665,-4.868795233047659,47.35726256278975
0.427,-19.08864624989079,-4.868795233015695,47.35726256260724
0.428,-19.08864624971465,-4.8687952329836675,47.3572625624242
0.429,-19.088646249538062,-4.868795232951608,47.35726256224085
0.43,-19.088646249361123,-4.868795232919464,47.35726256205696
0.431,-19.088646249183697,-4.868795232887256,47.357262561872645
0.432,-19.088646249005933,-4.868795232854996,47.35726256168802
0.433,-19.088646248827597,-4.868795232822684,47.35726256150287
0.434,-19.08864624864899,-4.868795232790306,47.35726256131728
0.435,-19.08864624846989,-4.868795232757869,47.357262561131364
0.436,-19.08864624829037,-4.868795232725377,47.357262560944946
0.437,-19.088646248110436,-4.8687952326928325,47.357262560758194
0.438,-19.08864624793005,-4.868795232660216,47.357262560570966
0.439,-19.088646247749256,-4.868795232627557,47.35726256038325
0.44,-19.088646247568064,-4.868795232594787,47.35726256019526
0.441,-19.088646247386468,-4.868795232562007,47.35726256000666
0.442,-19.0886462472043,-4.868795232529155,47.357262559817684
0.443,-19.088646247021863,-4.86879523249626,47.35726255962848
0.444,-19.088646246839012,-4.868795232463291,47.357262559438674
0.445,-19.088646246655642,-4.868795232430259,47.35726255924841
0.446,-19.088646246471896,-4.868795232397151,47.3572625590578
0.447,-19.08864624628765,-4.868795232364013,47.35726255886673
0.448,-19.088646246103053,-4.8687952323308235,47.35726255867527
0.449,-19.088646245918028,-4.868795232297548,47.35726255848343
0.45,-19.088646245732594,-4.8687952322642225,47.357262558291
0.451,-19.088646245546744,-4.868795232230836,47.35726255809826
0.452,-19.0886462453604,-4.868795232197386,47.35726255790507
0.453,-19.088646245173706,-4.868795232163896,47.35726255771151
0.454,-19.088646244986588,-4.868795232130339,47.35726255751749
0.455,-19.088646244798927,-4.8687952320967085,47.35726255732296
0.456,-19.08864624461098,-4.868795232063026,47.35726255712807
0.457,-19.08864624442253,-4.868795232029264,47.35726255693277
0.458,-19.088646244233633,-4.868795231995479,47.35726255673711
0.459,-19.088646244044416,-4.8687952319616175,47.35726255654092
0.46,-19.088646243854754,-4.868795231927695,47.35726255634436
0.461,-19.08864624366463,-4.868795231893706,47.35726255614733
0.462,-19.08864624347404,-4.868795231859664,47.357262555949866
0.463,-19.088646243283048,-4.868795231825558,47.35726255575204
0.464,-19.088646243091688,-4.868795231791407,47.35726255555381
0.465,-19.088646242899898,-4.868795231757201,47.35726255535508
0.466,-19.088646242707654,-4.868795231722931,47.35726255515603
0.467,-19.088646242514905,-4.868795231688609,47.3572625549564
0.468,-19.088646242321797,-4.868795231654183,47.35726255475639
0.469,-19.08864624212835,-4.86879523161975,47.35726255455606
0.47,-19.08864624193441,-4.868795231585221,47.3572625543552
0.471,-19.088646241740054,-4.8687952315506635,47.35726255415399
0.472,-19.088646241545295,-4.86879523151604,47.35726255395224
0.473,-19.088646241350023,-4.868795231481337,47.35726255375021
0.474,-19.088646241154464,-4.868795231446595,47.35726255354771
0.475,-19.088646240958383,-4.8687952314117915,47.3572625533447
0.476,-19.08864624076189,-4.868795231376912,47.3572625531413
0.477,-19.08864624056488,-4.86879523134198,47.357262552937456
0.478,-19.088646240367606,-4.868795231306996,47.3572625527333
0.479,-19.088646240169837,-4.86879523127195,47.35726255252871
0.48,-19.08864623997172,-4.8687952312368585,47.35726255232357
0.481,-19.08864623977307,-4.868795231201691,47.35726255211815
0.482,-19.088646239574075,-4.868795231166452,47.357262551912186
0.483,-19.088646239374565,-4.868795231131161,47.357262551705794
0.484,-19.08864623917479,-4.8687952310958265,47.35726255149909
0.485,-19.08864623897438,-4.868795231060424,47.35726255129187
0.486,-19.088646238773617,-4.868795231024947,47.357262551084176
0.487,-19.08864623857252,-4.868795230989435,47.35726255087615
0.488,-19.08864623837098,-4.868795230953837,47.35726255066778
0.489,-19.088646238168966,-4.868795230918191,47.35726255045883
0.49,-19.088646237966522,-4.868795230882497,47.35726255024942
0.491,-19.088646237763697,-4.868795230846744,47.357262550039714
0.492,-19.088646237560464,-4.868795230810923,47.35726254982956
0.493,-19.08864623735671,-4.868795230775051,47.35726254961896
0.494,-19.088646237152627,-4.868795230739112,47.35726254940806
0.495,-19.088646236948087,-4.868795230703122,47.357262549196555
0.496,-19.088646236743052,-4.868795230667061,47.35726254898466
0.497,-19.088646236537713,-4.868795230630935,47.357262548772404
0.498,-19.088646236331932,-4.868795230594772,47.35726254855968
0.499,-19.088646236125673,-4.868795230558538,47.35726254834653
0.5,-19.088646235919036,-4.868795230522242,47.357262548132994
0.501,-19.088646235711884,-4.868795230485886,47.35726254791901
0.502,-19.088646235504363,-4.868795230449464,47.35726254770451
0.503,-19.08864623529649,-4.868795230413009,47.35726254748975
0.504,-19.088646235088067,-4.868795230376462,47.35726254727443
0.505,-19.088646234879363,-4.8687952303398765,47.35726254705878
0.506,-19.088646234670072,-4.868795230303218,47.357262546842676
0.507,-19.088646234460413,-4.868795230266515,47.35726254662615
0.508,-19.088646234250454,-4.868795230229753,47.35726254640915
0.509,-19.088646234039867,-4.868795230192903,47.357262546191734
0.51,-19.088646233828946,-4.86879523015603,47.35726254597398
0.511,-19.08864623361759,-4.868795230119074,47.35726254575565
0.512,-19.088646233405957,-4.8687952300820765,47.357262545537075
0.513,-19.088646233193828,-4.868795230045021,47.35726254531797
0.514,-19.088646232981162,-4.868795230007865,47.357262545098436
0.515,-19.088646232768145,-4.8687952299706945,47.35726254487853
0.516,-19.088646232554634,-4.86879522993345,47.35726254465816
0.517,-19.088646232340686,-4.868795229896158,47.35726254443733
0.518,-19.08864623212647,-4.868795229858798,47.35726254421614
0.519,-19.08864623191179,-4.8687952298213695,47.35726254399448
0.52,-19.08864623169659,-4.8687952297838955,47.35726254377245
0.521,-19.088646231481075,-4.868795229746359,47.35726254354992
0.522,-19.088646231265052,-4.868795229708742,47.357262543327
0.523,-19.088646231048614,-4.868795229671097,47.35726254310371
0.524,-19.088646230831756,-4.868795229633366,47.35726254287994
0.525,-19.08864623061449,-4.868795229595585,47.35726254265568
0.526,-19.08864623039679,-4.868795229557767,47.35726254243117
0.527,-19.08864623017866,-4.868795229519863,47.357262542206065
0.528,-19.08864622996011,-4.868795229481907,47.35726254198061
0.529,-19.088646229741205,-4.86879522944391,47.357262541754736
0.53,-19.08864622952178,-4.868795229405806,47.357262541528456
0.531,-19.088646229301997,-4.868795229367673,47.35726254130176
0.532,-19.08864622908173,-4.868795229329492,47.35726254107463
0.533,-19.08864622886104,-4.868795229291234,47.357262540846996
0.534,-19.088646228639995,-4.868795229252904,47.35726254061895
0.535,-19.088646228418476,-4.86879522921453,47.357262540390465
0.536,-19.088646228196538,-4.868795229176105,47.35726254016163
0.537,-19.088646227974213,-4.868795229137625,47.35726253993239
0.538,-19.088646227751454,-4.868795229099081,47.357262539702695
0.539,-19.088646227528205,-4.868795229060451,47.35726253947256
0.54,-19.088646227304597,-4.868795229021794,47.35726253924199
0.541,-19.08864622708049,-4.8687952289830685,47.35726253901103
0.542,-19.088646226856035,-4.868795228944281,47.35726253877962
0.543,-19.088646226631173,-4.868795228905448,47.35726253854783
0.544,-19.08864622640579,-4.86879522886652,47.35726253831553
0.545,-19.088646226180035,-4.868795228827557,47.35726253808284
0.546,-19.088646225953845,-4.868795228788534,47.35726253784977
0.547,-19.088646225727246,-4.868795228749451,47.3572625376162
0.548,-19.088646225500217,-4.868795228710328,47.357262537382304
0.549,-19.08864622527277,-4.8687952286711225,47.357262537147896
0.55,-19.08864622504491,-4.8687952286318295,47.357262536913176
0.551,-19.08864622481649,-4.868795228592517,47.35726253667789
0.552,-19.088646224587908,-4.86879522855314,47.357262536442185
0.553,-19.088646224358676,-4.86879522851369,47.357262536206186
0.554,-19.08864622412919,-4.868795228474187,47.35726253596968
0.555,-19.088646223899232,-4.868795228434638,47.357262535732694
0.556,-19.08864622366874,-4.8687952283950215,47.35726253549535
0.557,-19.088646223437884,-4.868795228355357,47.357262535257576
0.558,-19.088646223206606,-4.868795228315598,47.35726253501934
0.559,-19.0886462229749,-4.868795228275803,47.35726253478071
0.56,-19.088646222742845,-4.868795228235961,47.35726253454171
0.561,-19.08864622251027,-4.868795228196033,47.357262534302286
0.562,-19.08864622227725,-4.868795228156073,47.35726253406239
0.563,-19.08864622204387,-4.868795228116025,47.35726253382196
0.564,-19.08864622181012,-4.868795228075927,47.35726253358124
0.565,-19.08864622157592,-4.868795228035776,47.35726253334006
0.566,-19.08864622134125,-4.868795227995573,47.35726253309844
0.567,-19.088646221106092,-4.868795227955304,47.357262532856375
0.568,-19.088646220870636,-4.868795227914954,47.357262532613994
0.569,-19.088646220634693,-4.868795227874563,47.357262532371166
0.57,-19.088646220398388,-4.868795227834138,47.35726253212797
0.571,-19.088646220161564,-4.868795227793623,47.35726253188418
0.572,-19.088646219924353,-4.86879522775304,47.35726253164
0.573,-19.088646219686712,-4.868795227712418,47.35726253139538
0.574,-19.08864621944863,-4.868795227671738,47.357262531150376
0.575,-19.088646219210176,-4.868795227630987,47.357262530905004
0.576,-19.088646218971242,-4.868795227590185,47.35726253065916
0.577,-19.088646218731945,-4.8687952275493185,47.357262530412804
0.578,-19.08864621849216,-4.868795227508406,47.35726253016615
0.579,-19.088646218252045,-4.868795227467413,47.35726252991906
0.58,-19.088646218011363,-4.868795227426377,47.35726252967158
0.581,-19.088646217770336,-4.868795227385273,47.35726252942357
0.582,-19.088646217528883,-4.8687952273441155,47.35726252917519
0.583,-19.08864621728712,-4.868795227302886,47.357262528926356
0.584,-19.08864621704473,-4.868795227261595,47.357262528677076
0.585,-19.0886462168021,-4.8687952272202475,47.35726252842742
0.586,-19.08864621655891,-4.868795227178876,47.35726252817738
0.587,-19.088646216315368,-4.8687952271373955,47.357262527926814
0.588,-19.088646216071414,-4.868795227095883,47.35726252767587
0.589,-19.088646215826945,-4.868795227054312,47.35726252742452
0.59,-19.088646215582113,-4.868795227012669,47.357262527172736
0.591,-19.08864621533683,-4.868795226970973,47.35726252692052
0.592,-19.08864621509113,-4.868795226929218,47.35726252666793
0.593,-19.08864621484502,-4.868795226887413,47.357262526414836
0.594,-19.088646214598487,-4.868795226845523,47.357262526161264
0.595,-19.088646214351513,-4.868795226803605,47.35726252590747
0.596,-19.08864621410416,-4.868795226761591,47.35726252565301
0.597,-19.088646213856425,-4.868795226719536,47.357262525398326
0.598,-19.088646213608083,-4.868795226677431,47.357262525143035
0.599,-19.08864621335938,-4.868795226635262,47.35726252488744
0.6,-19.088646213110362,-4.868795226593017,47.35726252463155
0.601,-19.08864621286088,-4.868795226550744,47.35726252437506
0.602,-19.088646212610925,-4.868795226508399,47.35726252411813
0.603,-19.088646212360583,-4.868795226465985,47.3572625238608
0.604,-19.088646212109847,-4.868795226423532,47.357262523603104
0.605,-19.0886462118586,-4.868795226380983,47.35726252334488
0.606,-19.088646211606985,-4.868795226338415,47.35726252308636
0.607,-19.088646211354877,-4.868795226295753,47.35726252282726
0.608,-19.088646211102418,-4.8687952262530665,47.35726252256791
0.609,-19.088646210849472,-4.868795226210291,47.35726252230797
0.61,-19.08864621059617,-4.868795226167466,47.35726252204778
0.611,-19.08864621034241,-4.868795226124604,47.3572625217871
0.612,-19.088646210088204,-4.868795226081649,47.35726252152596
0.613,-19.08864620983366,-4.868795226038639,47.357262521264275
0.614,-19.088646209578627,-4.868795225995584,47.35726252100238
0.615,-19.088646209323176,-4.8687952259524705,47.35726252073987
0.616,-19.08864620906736,-4.868795225909265,47.35726252047713
0.617,-19.08864620881102,-4.868795225866039,47.35726252021383
0.618,-19.08864620855431,-4.86879522582274,47.357262519950254
0.619,-19.088646208297188,-4.868795225779365,47.35726251968604
0.62,-19.088646208039577,-4.868795225735951,47.35726251942153
0.621,-19.088646207781554,-4.868795225692476,47.35726251915654
0.622,-19.088646207523173,-4.86879522564894,47.35726251889126
0.623,-19.088646207264315,-4.868795225605346,47.35726251862539
0.624,-19.088646207005088,-4.868795225561682,47.35726251835912
0.625,-19.08864620674532,-4.868795225517976,47.3572625180925
0.626,-19.088646206485244,-4.86879522547419,47.35726251782541
0.627,-19.08864620622473,-4.868795225430343,47.3572625175578
0.628,-19.088646205963844,-4.868795225386462,47.357262517289975
0.629,-19.088646205702418,-4.868795225342518,47.35726251702162
0.63,-19.088646205440657,-4.868795225298479,47.3572625167528
0.631,-19.08864620517834,-4.868795225254419,47.35726251648362
0.632,-19.0886462049157,-4.868795225210302,47.35726251621398
0.633,-19.0886462046526,-4.868795225166112,47.35726251594392
0.634,-19.088646204389136,-4.868795225121868,47.35726251567345
0.635,-19.08864620412524,-4.868795225077561,47.35726251540261
0.636,-19.08864620386082,-4.8687952250331845,47.357262515131254
0.637,-19.088646203596078,-4.868795224988764,47.35726251485944
0.638,-19.08864620333082,-4.868795224944279,47.35726251458733
0.639,-19.08864620306522,-4.868795224899729,47.3572625143147
0.64,-19.088646202799083,-4.868795224855135,47.357262514041665
0.641,-19.08864620253268,-4.868795224810467,47.357262513768276
0.642,-19.088646202265807,-4.86879522476572,47.35726251349429
0.643,-19.08864620199846,-4.868795224720943,47.35726251322
0.644,-19.088646201730736,-4.8687952246761075,47.35726251294533
0.645,-19.08864620146261,-4.86879522463119,47.35726251267014
0.646,-19.088646201194,-4.868795224586251,47.35726251239464
0.647,-19.08864620092499,-4.868795224541216,47.35726251211863
0.648,-19.088646200655507,-4.868795224496135,47.35726251184219
0.649,-19.08864620038563,-4.868795224451008,47.35726251156533
0.65,-19.088646200115345,-4.868795224405798,47.35726251128804
0.651,-19.088646199844565,-4.868795224360553,47.357262511010376
0.652,-19.088646199573432,-4.868795224315232,47.35726251073219
0.653,-19.08864619930189,-4.868795224269854,47.357262510453666
0.654,-19.088646199029935,-4.868795224224396,47.357262510174735
0.655,-19.088646198757584,-4.868795224178914,47.357262509895335
0.656,-19.08864619848474,-4.868795224133356,47.357262509615474
0.657,-19.0886461982114,-4.868795224087742,47.35726250933519
0.658,-19.088646197937692,-4.868795224042063,47.35726250905451
0.659,-19.08864619766357,-4.868795223996332,47.35726250877347
0.66,-19.088646197389032,-4.86879522395055,47.357262508491914
0.661,-19.088646197114063,-4.868795223904688,47.35726250821001
0.662,-19.0886461968387,-4.868795223858774,47.357262507927615
0.663,-19.088646196562937,-4.8687952238128025,47.35726250764485
0.664,-19.088646196286685,-4.868795223766786,47.35726250736161
0.665,-19.088646196010053,-4.868795223720706,47.357262507078
0.666,-19.088646195732935,-4.868795223674549,47.357262506793965
0.667,-19.088646195455468,-4.868795223628344,47.35726250650937
0.668,-19.088646195177517,-4.868795223582056,47.35726250622459
0.669,-19.088646194899088,-4.868795223535735,47.357262505939126
0.67,-19.088646194620427,-4.8687952234893475,47.357262505653395
0.671,-19.088646194341198,-4.868795223442898,47.35726250536716
0.672,-19.088646194061585,-4.868795223396395,47.357262505080556
0.673,-19.088646193781546,-4.868795223349837,47.35726250479358
0.674,-19.088646193500995,-4.868795223303201,47.35726250450606
0.675,-19.08864619322019,-4.86879522325652,47.35726250421819
0.676,-19.088646192938743,-4.868795223209773,47.35726250392985
0.677,-19.08864619265706,-4.868795223162965,47.35726250364116
0.678,-19.088646192374917,-4.868795223116114,47.35726250335199
0.679,-19.088646192092302,-4.868795223069194,47.35726250306239
0.68,-19.088646191809254,-4.868795223022185,47.357262502772414
0.681,-19.088646191525797,-4.868795222975145,47.35726250248196
0.682,-19.088646191241924,-4.868795222928064,47.35726250219101
0.683,-19.08864619095756,-4.8687952228808875,47.357262501899754
0.684,-19.08864619067292,-4.8687952228336835,47.35726250160803
0.685,-19.08864619038779,-4.868795222786398,47.35726250131587
0.686,-19.088646190102242,-4.868795222739054,47.35726250102333
0.687,-19.088646189816256,-4.8687952226916655,47.357262500730336
0.688,-19.088646189529854,-4.868795222644205,47.357262500436974
0.689,-19.088646189243022,-4.868795222596704,47.35726250014311
0.69,-19.08864618895572,-4.86879522254912,47.35726249984881
0.691,-19.088646188668044,-4.868795222501501,47.35726249955411
0.692,-19.088646188379954,-4.868795222453779,47.35726249925909
0.693,-19.088646188091413,-4.868795222406042,47.357262498963536
0.694,-19.088646187802397,-4.868795222358231,47.357262498667566
0.695,-19.088646187513014,-4.86879522231035,47.3572624983712
0.696,-19.088646187223265,-4.868795222262423,47.357262498074284
0.697,-19.088646186932998,-4.868795222214432,47.3572624977771
0.698,-19.088646186642436,-4.868795222166375,47.357262497479454
0.699,-19.0886461863513,-4.868795222118278,47.35726249718144
0.7,-19.088646186059712,-4.868795222070093,47.357262496882825
0.701,-19.08864618576782,-4.8687952220218875,47.357262496583886
0.702,-19.088646185475515,-4.868795221973571,47.35726249628459
0.703,-19.08864618518272,-4.868795221925242,47.357262495984855
0.704,-19.088646184889505,-4.868795221876825,47.35726249568449
0.705,-19.088646184595873,-4.868795221828359,47.35726249538392
0.706,-19.08864618430183,-4.868795221779849,47.35726249508282
0.707,-19.08864618400738,-4.86879522173125,47.35726249478151
0.708,-19.088646183712488,-4.868795221682596,47.357262494479436
0.709,-19.088646183417172,-4.868795221633907,47.35726249417719
0.71,-19.08864618312138,-4.868795221585161,47.35726249387445
0.711,-19.08864618282519,-4.868795221536326,47.35726249357119
0.712,-19.088646182528638,-4.868795221487447,47.357262493267676
0.713,-19.088646182231646,-4.868795221438492,47.357262492963564
0.714,-19.088646181934134,-4.868795221389501,47.357262492659174
0.715,-19.088646181636324,-4.868795221340454,47.3572624923543
0.716,-19.08864618133796,-4.868795221291323,47.35726249204894
0.717,-19.088646181039294,-4.86879522124216,47.357262491743256
0.718,-19.088646180740184,-4.868795221192901,47.35726249143707
0.719,-19.088646180440584,-4.868795221143616,47.35726249113047
0.72,-19.08864618014059,-4.86879522109426,47.35726249082351
0.721,-19.088646179840254,-4.868795221044848,47.3572624905161
0.722,-19.088646179539374,-4.868795220995367,47.35726249020817
0.723,-19.08864617923811,-4.868795220945827,47.3572624899
0.724,-19.08864617893642,-4.868795220896254,47.35726248959132
0.725,-19.08864617863427,-4.8687952208465735,47.357262489282206
0.726,-19.08864617833185,-4.868795220796878,47.357262488972594
0.727,-19.08864617802876,-4.8687952207471055,47.35726248866258
0.728,-19.08864617772544,-4.8687952206972795,47.357262488352156
0.729,-19.088646177421566,-4.868795220647389,47.357262488041364
0.73,-19.08864617711735,-4.868795220597435,47.35726248773014
0.731,-19.08864617681278,-4.86879522054741,47.357262487418524
0.732,-19.088646176507662,-4.868795220497354,47.357262487106375
0.733,-19.08864617620219,-4.868795220447194,47.3572624867938
0.734,-19.088646175896223,-4.868795220397015,47.35726248648082
0.735,-19.088646175589854,-4.868795220346761,47.35726248616749
0.736,-19.08864617528312,-4.86879522029646,47.35726248585369
0.737,-19.088646174975846,-4.8687952202461116,47.357262485539394
0.738,-19.088646174668288,-4.868795220195691,47.35726248522478
0.739,-19.088646174360235,-4.868795220145203,47.35726248490971
0.74,-19.08864617405183,-4.868795220094655,47.35726248459424
0.741,-19.088646173742816,-4.868795220044054,47.357262484278316
0.742,-19.088646173433578,-4.868795219993397,47.35726248396209
0.743,-19.088646173123813,-4.868795219942673,47.35726248364522
0.744,-19.08864617281364,-4.868795219891874,47.35726248332798
0.745,-19.08864617250308,-4.868795219841043,47.357262483010366
0.746,-19.088646172191968,-4.868795219790137,47.357262482692356
0.747,-19.08864617188064,-4.868795219739181,47.35726248237384
0.748,-19.088646171568712,-4.868795219688168,47.35726248205494
0.749,-19.08864617125644,-4.868795219637088,47.35726248173567
0.75,-19.08864617094374,-4.8687952195859605,47.35726248141587
0.751,-19.088646170630597,-4.868795219534775,47.35726248109576
0.752,-19.08864617031704,-4.868795219483509,47.35726248077514
0.753,-19.08864617000308,-4.868795219432177,47.35726248045414
0.754,-19.088646169688626,-4.868795219380797,47.35726248013271
0.755,-19.08864616937375,-4.8687952193293675,47.3572624798108
0.756,-19.088646169058457,-4.868795219277883,47.35726247948852
0.757,-19.08864616874288,-4.868795219226333,47.3572624791658
0.758,-19.088646168426813,-4.8687952191747215,47.35726247884275
0.759,-19.088646168110195,-4.868795219123049,47.35726247851906
0.76,-19.088646167793236,-4.868795219071303,47.357262478195054
0.761,-19.088646167475908,-4.868795219019513,47.357262477870684
0.762,-19.088646167158107,-4.868795218967663,47.357262477545845
0.763,-19.088646166839833,-4.868795218915745,47.35726247722055
0.764,-19.088646166521176,-4.868795218863783,47.3572624768949
0.765,-19.088646166202192,-4.868795218811773,47.357262476568785
0.766,-19.088646165882572,-4.868795218759673,47.35726247624223
0.767,-19.088646165562682,-4.868795218707534,47.35726247591531
0.768,-19.088646165242302,-4.868795218655328,47.35726247558785
0.769,-19.088646164921574,-4.868795218603058,47.35726247526009
0.77,-19.08864616460042,-4.86879521855074,47.357262474931865
0.771,-19.088646164278718,-4.8687952184983505,47.35726247460322
0.772,-19.08864616395667,-4.868795218445916,47.35726247427405
0.773,-19.088646163634174,-4.868795218393391,47.357262473944544
0.774,-19.088646163311303,-4.868795218340837,47.35726247361462
0.775,-19.088646162988,-4.868795218288203,47.35726247328423
0.776,-19.088646162664265,-4.868795218235542,47.35726247295346
0.777,-19.088646162340126,-4.868795218182804,47.35726247262224
0.778,-19.088646162015532,-4.868795218130002,47.35726247229064
0.779,-19.08864616169049,-4.868795218077142,47.35726247195861
0.78,-19.088646161365116,-4.868795218024223,47.357262471626115
0.781,-19.088646161039303,-4.868795217971238,47.357262471293176
0.782,-19.088646160712912,-4.868795217918213,47.35726247095987
0.783,-19.08864616038621,-4.8687952178651015,47.35726247062609
0.784,-19.08864616005905,-4.868795217811933,47.35726247029188
0.785,-19.088646159731546,-4.868795217758718,47.35726246995723
0.786,-19.08864615940361,-4.868795217705461,47.357262469622235
0.787,-19.08864615907515,-4.8687952176521225,47.357262469286816
0.788,-19.088646158746336,-4.868795217598727,47.35726246895087
0.789,-19.088646158417045,-4.868795217545274,47.35726246861463
0.79,-19.088646158087368,-4.868795217491755,47.35726246827786
0.791,-19.088646157757257,-4.868795217438188,47.357262467940714
0.792,-19.0886461574267,-4.8687952173845535,47.357262467603114
0.793,-19.088646157095738,-4.868795217330868,47.357262467265166
0.794,-19.08864615676442,-4.868795217277114,47.35726246692665
0.795,-19.08864615643259,-4.868795217223325,47.35726246658785
0.796,-19.088646156100385,-4.868795217169447,47.35726246624853
0.797,-19.088646155767744,-4.868795217115515,47.35726246590884
0.798,-19.088646155434684,-4.868795217061522,47.35726246556868
0.799,-19.088646155101134,-4.868795217007467,47.35726246522808
0.8,-19.088646154767222,-4.868795216953389,47.35726246488725
0.801,-19.08864615443285,-4.868795216899225,47.357262464545755
0.802,-19.08864615409805,-4.868795216844991,47.357262464203956
0.803,-19.088646153762944,-4.868795216790694,47.35726246386169
0.804,-19.088646153427263,-4.868795216736365,47.35726246351906
0.805,-19.088646153091208,-4.868795216681948,47.357262463175914
0.806,-19.088646152754798,-4.868795216627504,47.357262462832466
0.807,-19.088646152417905,-4.868795216572954,47.357262462488464
0.808,-19.088646152080607,-4.868795216518391,47.357262462144064
0.809,-19.088646151742797,-4.86879521646374,47.35726246179925
0.81,-19.088646151404653,-4.868795216409038,47.357262461454056
0.811,-19.08864615106614,-4.868795216354311,47.35726246110842
0.812,-19.08864615072706,-4.868795216299465,47.357262460762286
0.813,-19.088646150387707,-4.868795216244589,47.35726246041581
0.814,-19.088646150047744,-4.868795216189653,47.35726246006883
0.815,-19.088646149707518,-4.868795216134677,47.35726245972155
0.816,-19.088646149366728,-4.868795216079588,47.357262459373736
0.817,-19.088646149025717,-4.868795216024462,47.35726245902555
0.818,-19.088646148684077,-4.868795215969298,47.3572624586769
0.819,-19.088646148342107,-4.8687952159140755,47.35726245832783
0.82,-19.088646147999707,-4.868795215858782,47.35726245797836
0.821,-19.088646147656902,-4.868795215803421,47.357262457628444
0.822,-19.088646147313664,-4.868795215748025,47.35726245727815
0.823,-19.08864614696987,-4.868795215692536,47.357262456927344
0.824,-19.088646146625784,-4.868795215636997,47.35726245657624
0.825,-19.088646146281263,-4.868795215581436,47.357262456224746
0.826,-19.088646145936327,-4.868795215525759,47.35726245587251
0.827,-19.088646145590957,-4.868795215470063,47.35726245552019
0.828,-19.08864614524514,-4.868795215414311,47.35726245516726
0.829,-19.088646144898924,-4.868795215358465,47.35726245481397
0.83,-19.08864614455232,-4.868795215302581,47.35726245446029
0.831,-19.08864614420521,-4.868795215246633,47.35726245410619
0.832,-19.08864614385773,-4.868795215190615,47.35726245375155
0.833,-19.08864614350978,-4.868795215134552,47.357262453396594
0.834,-19.08864614316144,-4.868795215078431,47.35726245304112
0.835,-19.088646142812703,-4.868795215022248,47.35726245268528
0.836,-19.088646142463556,-4.86879521496601,47.35726245232905
0.837,-19.088646142113962,-4.86879521490972,47.357262451972375
0.838,-19.088646141763856,-4.868795214853351,47.35726245161526
0.839,-19.088646141413307,-4.868795214796922,47.3572624512577
0.84,-19.088646141062537,-4.868795214740421,47.35726245089974
0.841,-19.08864614071114,-4.868795214683897,47.35726245054132
0.842,-19.088646140359387,-4.8687952146272915,47.357262450182496
0.843,-19.08864614000728,-4.868795214570636,47.35726244982325
0.844,-19.088646139654646,-4.868795214513906,47.357262449463605
0.845,-19.088646139301733,-4.868795214457128,47.357262449103466
0.846,-19.088646138948256,-4.868795214400299,47.357262448742965
0.847,-19.088646138594367,-4.868795214343411,47.357262448382016
0.848,-19.088646138240104,-4.868795214286434,47.35726244802061
0.849,-19.088646137885394,-4.868795214229433,47.35726244765889
0.85,-19.08864613753026,-4.868795214172363,47.35726244729668
0.851,-19.08864613717476,-4.868795214115222,47.35726244693405
0.852,-19.088646136818692,-4.868795214058027,47.357262446570935
0.853,-19.088646136462312,-4.868795214000783,47.35726244620751
0.854,-19.088646136105545,-4.868795213943454,47.35726244584355
0.855,-19.088646135748196,-4.868795213886091,47.35726244547923
0.856,-19.088646135390583,-4.868795213828644,47.357262445114436
0.857,-19.088646135032462,-4.868795213771173,47.357262444749196
0.858,-19.08864613467391,-4.86879521371361,47.35726244438366
0.859,-19.08864613431501,-4.868795213656004,47.35726244401754
0.86,-19.088646133955613,-4.868795213598344,47.35726244365112
0.861,-19.088646133595862,-4.86879521354061,47.357262443284284
0.862,-19.088646133235628,-4.868795213482813,47.35726244291688
0.863,-19.088646132874914,-4.868795213424979,47.35726244254918
0.864,-19.088646132513897,-4.86879521336706,47.35726244218101
0.865,-19.088646132152412,-4.8687952133091015,47.35726244181239
0.866,-19.088646131790444,-4.868795213251078,47.35726244144348
0.867,-19.088646131428074,-4.8687952131930015,47.35726244107405
0.868,-19.088646131065335,-4.868795213134849,47.35726244070408
0.869,-19.08864613070218,-4.868795213076648,47.357262440333905
0.87,-19.08864613033854,-4.868795213018368,47.357262439963115
0.871,-19.088646129974464,-4.868795212960069,47.35726243959201
0.872,-19.088646129609987,-4.868795212901664,47.35726243922039
0.873,-19.088646129245124,-4.868795212843231,47.35726243884841
0.874,-19.08864612887984,-4.868795212784731,47.357262438476035
0.875,-19.088646128514107,-4.86879521272618,47.3572624381032
0.876,-19.088646128147964,-4.868795212667539,47.35726243773002
0.877,-19.088646127781317,-4.868795212608885,47.35726243735623
0.878,-19.08864612741433,-4.868795212550123,47.35726243698222
0.879,-19.088646127046932,-4.868795212491337,47.35726243660768
0.88,-19.08864612667907,-4.868795212432475,47.357262436232666
0.881,-19.08864612631078,-4.868795212373569,47.357262435857315
0.882,-19.08864612594206,-4.868795212314598,47.35726243548149
0.883,-19.08864612557288,-4.868795212255563,47.35726243510519
0.884,-19.088646125203418,-4.8687952121964635,47.357262434728575
0.885,-19.08864612483343,-4.868795212137294,47.35726243435153
0.886,-19.08864612446296,-4.868795212078104,47.35726243397405
0.887,-19.088646124092183,-4.86879521201883,47.35726243359613
0.888,-19.088646123720917,-4.868795211959492,47.357262433217755
0.889,-19.088646123349168,-4.868795211900106,47.357262432838944
0.89,-19.08864612297716,-4.868795211840654,47.35726243245965
0.891,-19.08864612260461,-4.868795211781126,47.35726243208009
0.892,-19.088646122231697,-4.868795211721572,47.357262431700136
0.893,-19.0886461218583,-4.86879521166193,47.3572624313196
0.894,-19.088646121484548,-4.868795211602246,47.357262430938654
0.895,-19.08864612111032,-4.868795211542499,47.35726243055741
0.896,-19.08864612073559,-4.868795211482693,47.357262430175595
0.897,-19.088646120360526,-4.8687952114228175,47.35726242979349
0.898,-19.088646119985043,-4.868795211362883,47.35726242941076
0.899,-19.088646119609134,-4.86879521130292,47.3572624290278
0.9,-19.08864611923281,-4.868795211242859,47.357262428644354
0.901,-19.088646118856065,-4.868795211182766,47.35726242826052
0.902,-19.088646118478845,-4.8687952111225945,47.35726242787615
0.903,-19.088646118101188,-4.86879521106238,47.35726242749139
0.904,-19.088646117723187,-4.868795211002093,47.35726242710625
0.905,-19.088646117344783,-4.8687952109417365,47.35726242672073
0.906,-19.0886461169658,-4.868795210881345,47.3572624263347
0.907,-19.088646116586492,-4.868795210820889,47.35726242594838
0.908,-19.088646116206817,-4.868795210760366,47.3572624255615
0.909,-19.0886461158266,-4.868795210699783,47.35726242517412
0.91,-19.088646115446053,-4.868795210639161,47.35726242478644
0.911,-19.08864611506503,-4.868795210578441,47.35726242439831
0.912,-19.08864611468356,-4.8687952105177015,47.35726242400986
0.913,-19.088646114301724,-4.868795210456885,47.357262423620824
0.914,-19.088646113919385,-4.8687952103959935,47.35726242323141
0.915,-19.088646113536804,-4.868795210335054,47.357262422841615
0.916,-19.088646113153665,-4.868795210274073,47.35726242245144
0.917,-19.088646112770025,-4.868795210213021,47.3572624220607
0.918,-19.08864611238611,-4.868795210151918,47.357262421669624
0.919,-19.088646112001705,-4.868795210090717,47.3572624212781
0.92,-19.08864611161688,-4.868795210029504,47.35726242088623
0.921,-19.088646111231636,-4.868795209968205,47.35726242049387
0.922,-19.088646110845975,-4.8687952099068506,47.357262420100994
0.923,-19.08864611045983,-4.868795209845433,47.35726241970769
0.924,-19.088646110073405,-4.8687952097839675,47.35726241931421
0.925,-19.08864610968642,-4.868795209722449,47.357262418920065
0.926,-19.088646109299017,-4.868795209660847,47.357262418525536
0.927,-19.088646108911195,-4.868795209599187,47.35726241813067
0.928,-19.088646108523037,-4.868795209537501,47.35726241773537
0.929,-19.088646108134377,-4.8687952094757225,47.357262417339506
0.93,-19.088646107745237,-4.868795209413892,47.35726241694334
0.931,-19.088646107355814,-4.868795209352008,47.35726241654671
0.932,-19.0886461069659,-4.868795209290047,47.357262416149645
0.933,-19.088646106575506,-4.868795209228072,47.35726241575228
0.934,-19.08864610618474,-4.868795209165998,47.357262415354356
0.935,-19.08864610579346,-4.868795209103876,47.35726241495604
0.936,-19.088646105401963,-4.868795209041695,47.357262414557304
0.937,-19.08864610500995,-4.8687952089794475,47.35726241415818
0.938,-19.088646104617446,-4.868795208917157,47.3572624137585
0.939,-19.088646104224537,-4.868795208854783,47.35726241335856
0.94,-19.088646103831245,-4.868795208792367,47.35726241295811
0.941,-19.088646103437554,-4.868795208729887,47.357262412557276
0.942,-19.088646103043367,-4.868795208667343,47.357262412155855
0.943,-19.08864610264882,-4.868795208604728,47.357262411754206
0.944,-19.088646102253737,-4.868795208542084,47.357262411352
0.945,-19.08864610185836,-4.86879520847936,47.35726241094948
0.946,-19.08864610146245,-4.868795208416576,47.35726241054653
0.947,-19.088646101066278,-4.868795208353763,47.35726241014314
0.948,-19.08864610066953,-4.8687952082908454,47.357262409739235
0.949,-19.088646100272385,-4.868795208227918,47.35726240933495
0.95,-19.088646099874804,-4.868795208164891,47.35726240893031
0.951,-19.088646099476755,-4.86879520810181,47.35726240852521
0.952,-19.08864609907846,-4.8687952080386765,47.35726240811977
0.953,-19.08864609867959,-4.868795207975498,47.35726240771368
0.954,-19.088646098280442,-4.868795207912237,47.35726240730738
0.955,-19.08864609788069,-4.868795207848921,47.35726240690049
0.956,-19.08864609748063,-4.8687952077855385,47.35726240649326
0.957,-19.088646097080098,-4.868795207722097,47.35726240608558
0.958,-19.08864609667912,-4.86879520765863,47.357262405677574
0.959,-19.088646096277767,-4.868795207595091,47.357262405269054
0.96,-19.08864609587596,-4.8687952075314715,47.357262404860045
0.961,-19.08864609547372,-4.868795207467824,47.35726240445082
0.962,-19.08864609507113,-4.868795207404074,47.357262404041045
0.963,-19.08864609466798,-4.868795207340295,47.35726240363076
0.964,-19.08864609426456,-4.868795207276452,47.35726240322017
0.965,-19.08864609386065,-4.868795207212544,47.35726240280911
0.966,-19.08864609345632,-4.8687952071485885,47.35726240239756
0.967,-19.088646093051526,-4.868795207084544,47.3572624019857
0.968,-19.08864609264634,-4.868795207020468,47.35726240157331
0.969,-19.08864609224068,-4.8687952069563245,47.357262401160604
0.97,-19.088646091834608,-4.8687952068921305,47.3572624007474
0.971,-19.0886460914282,-4.868795206827866,47.35726240033379
0.972,-19.088646091021282,-4.868795206763553,47.35726239991974
0.973,-19.08864609061406,-4.868795206699181,47.357262399505245
0.974,-19.088646090206353,-4.868795206634721,47.35726239909045
0.975,-19.088646089798193,-4.868795206570236,47.35726239867518
0.976,-19.088646089389613,-4.868795206505678,47.357262398259415
0.977,-19.088646088980575,-4.868795206441044,47.357262397843186
0.978,-19.088646088571203,-4.868795206376386,47.35726239742668
0.979,-19.088646088161298,-4.868795206311633,47.357262397009634
0.98,-19.088646087750973,-4.868795206246824,47.35726239659223
0.981,-19.0886460873403,-4.868795206181988,47.35726239617441
0.982,-19.08864608692922,-4.86879520611706,47.35726239575608
0.983,-19.088646086517635,-4.868795206052107,47.35726239533745
0.984,-19.08864608610572,-4.868795205987083,47.35726239491829
0.985,-19.08864608569328,-4.868795205921969,47.3572623944987
0.986,-19.08864608528046,-4.868795205856812,47.35726239407872
0.987,-19.088646084867225,-4.868795205791609,47.35726239365836
0.988,-19.088646084453572,-4.868795205726338,47.357262393237555
0.989,-19.088646084039404,-4.868795205660991,47.35726239281629
0.99,-19.088646083624905,-4.868795205595603,47.357262392394595
0.991,-19.088646083209902,-4.8687952055301595,47.35726239197251
0.992,-19.08864608279458,-4.868795205464661,47.357262391549966
0.993,-19.08864608237876,-4.868795205399068,47.357262391126994
0.994,-19.088646081962537,-4.868795205333445,47.357262390703646
0.995,-19.088646081545924,-4.868795205267775,47.35726239027991
0.996,-19.088646081128964,-4.868795205202025,47.35726238985564
0.997,-19.088646080711353,-4.868795205136224,47.357262389430936
0.998,-19.088646080293547,-4.868795205070361,47.35726238900593
0.999,-19.08864607987508,-4.868795205004439,47.35726238858039
